0
0
9.33798e-009
0.000233076
9.69179e-006
7.64284e-007
3.53324e-006
1.1087e-005
9.53409e-006
1.00266e-006
3.43025e-005
1.54192e-005
1.48033e-006
1.40315e-006
1.21826e-006
5.64225e-006
5.31231e-005
1.58212e-005
1.5346e-006
3.1492e-006
1.65165e-006
7.31635e-007
5.89595e-007
1.81763e-006
2.0345e-006
1.47827e-006
1.53132e-006
2.58166e-006
3.81424e-006
9.65025e-006
1.37526e-005
9.72624e-006
1.16128e-005
1.12674e-005
1.29671e-005
1.38518e-005
3.08377e-005
2.12669e-005
8.20669e-006
4.40858e-006
3.15881e-006
5.83266e-006
4.07416e-006
1.44481e-005
3.71176e-006
8.21526e-006
7.11905e-006
1.89342e-006
7.48236e-007
9.40825e-007
1.36049e-005
1.5686e-005
4.96099e-006
2.42475e-006
1.44434e-005
4.066e-006
2.47136e-006
5.66486e-006
2.78256e-006
4.48715e-007
4.98484e-007
4.74445e-007
4.5275e-007
2.21534e-006
6.69282e-006
2.21613e-006
3.79181e-006
6.12939e-006
5.60246e-006
3.00883e-006
1.80795e-006
4.6352e-006
1.68525e-006
1.38194e-006
4.95709e-006
3.10612e-006
9.10163e-007
6.46371e-006
7.42181e-006
4.68859e-006
3.80029e-006
2.31604e-006
4.64701e-006
1.40081e-006
1.70238e-006
5.75245e-007
2.43495e-007
8.25605e-007
1.90277e-007
8.75649e-008
8.52837e-008
3.97967e-007
7.77198e-008
1.11511e-007
4.0774e-008
5.2653e-008
3.03092e-008
1.96242e-007
2.87513e-008
5.44088e-008
2.75611e-008
9.65152e-008
7.54332e-008
5.76896e-008
5.69329e-008
1.23041e-007
3.46452e-008
9.48432e-008
6.88849e-008
5.75007e-008
3.08185e-005
0.0014067
0.00062159
-1.65281e-005
1.03618e-005
6.62759e-005
7.54329e-005
1.37142e-005
8.68563e-005
7.09728e-005
3.22075e-005
1.42026e-005
1.32217e-005
2.74109e-005
0.000376258
0.000568556
-3.81243e-005
4.45466e-005
6.7514e-006
1.32033e-005
5.13881e-006
1.61902e-005
1.54889e-005
1.46193e-005
1.31286e-005
1.20921e-005
3.21862e-005
0.000124437
0.000357386
0.000420096
0.000229676
0.000303635
0.000287095
0.000305497
0.000402209
0.000384255
6.90215e-005
2.36653e-005
7.18325e-006
4.38067e-006
2.03489e-005
0.000260133
6.48603e-005
9.31843e-005
8.77695e-005
6.67339e-005
3.73382e-005
1.84772e-005
0.000213995
0.000419626
0.000270951
5.67175e-005
0.00034981
0.00014676
1.31312e-005
7.50982e-005
5.20485e-005
2.41717e-005
2.45373e-005
9.88692e-006
1.34647e-005
3.58962e-005
7.44736e-005
0.000137432
0.000218533
7.75054e-005
0.000237689
9.00037e-005
5.45144e-005
0.000116279
6.17644e-005
4.04491e-005
9.1189e-005
8.93217e-005
3.06207e-005
0.000137927
8.68316e-005
0.000174809
9.77588e-005
9.53535e-005
7.24893e-005
4.39674e-005
6.66746e-005
1.40145e-005
8.15272e-006
1.44729e-005
6.36345e-006
5.83256e-006
3.02214e-006
1.21092e-005
4.29709e-006
1.5162e-006
2.23585e-006
1.84129e-006
1.19358e-006
1.25104e-005
3.44637e-006
9.72399e-007
1.16532e-006
3.35093e-006
1.98268e-006
1.53132e-006
1.43802e-006
1.19432e-006
2.03556e-006
2.64907e-006
2.47422e-006
2.51705e-006
3.30876e-006
0.00106045
0.00209179
-8.26549e-007
2.24039e-005
1.04781e-005
1.66439e-005
1.71742e-005
1.25658e-005
1.33919e-005
9.05695e-006
9.53639e-006
8.32245e-006
5.85365e-006
3.84304e-005
0.00128231
0.000255844
0.000131859
0.000113274
0.000113995
0.000249511
0.000240862
0.000145998
6.80577e-005
5.03388e-005
4.98992e-005
4.24301e-005
3.88245e-005
0.000500691
0.000598928
0.000513438
0.000693772
0.000681254
0.000584161
0.000621392
0.000449262
0.000286731
0.000185586
0.000166171
0.000122245
9.37561e-005
0.000157577
0.00123934
9.4726e-005
0.000159606
0.000365807
0.000182672
0.000432454
0.00134507
0.00159145
0.00195602
0.000560435
0.000432375
0.000565836
6.94228e-005
0.000723692
0.000299593
0.000423993
0.000896727
0.000334204
0.000193938
0.00111323
0.000324354
0.000443862
0.00112272
0.000368628
0.000862209
0.00050788
0.000460814
0.000236411
5.77599e-005
0.000105544
0.000144347
0.000258443
0.000173753
0.000264272
0.000105938
0.000349572
0.000120219
0.000119198
0.000242786
0.000108946
6.65646e-005
5.90751e-005
3.63485e-005
4.89652e-005
1.13463e-005
3.8468e-005
4.08935e-005
0.00010023
0.000108753
3.09759e-005
3.56987e-005
2.22329e-005
2.39744e-005
8.22334e-005
5.17558e-006
1.75787e-006
1.21367e-006
6.40586e-006
3.73458e-006
2.31484e-006
3.77135e-005
9.41381e-005
7.92138e-006
1.24832e-005
1.68408e-006
1.10788e-005
4.86682e-005
0.00949398
0.00226294
-0.000116321
4.77582e-005
3.1252e-005
2.32002e-005
3.99951e-005
5.73017e-005
3.10438e-005
5.78206e-005
2.96201e-005
1.69486e-005
3.48891e-005
8.09137e-005
0.000461817
5.06681e-005
6.23938e-005
4.38708e-005
0.00011174
9.43388e-005
8.1568e-005
0.00014681
9.11649e-005
5.56161e-005
6.05079e-005
0.000100237
2.03273e-005
0.000172393
0.00113514
0.000445418
0.000406846
0.000232552
0.000314933
0.000358627
0.000780438
0.000605126
0.000434395
0.000464485
0.000255504
0.00014333
0.000121334
0.00107124
0.00201058
0.00214461
0.00151417
0.00112816
0.000383187
0.000125038
0.0013221
0.00101468
0.00053827
0.000360736
0.000223538
7.72203e-005
0.000293774
0.000154262
6.61457e-005
3.50929e-005
5.09898e-005
8.26415e-005
0.00011291
0.000136204
0.000228284
0.000254027
0.000310674
0.000350277
0.000396737
0.000300507
6.64144e-005
5.03694e-005
4.91533e-005
3.42594e-005
1.3715e-005
7.49818e-006
9.11116e-005
0.000220117
0.000188302
0.00015281
0.000120068
8.96248e-005
8.40214e-005
6.40382e-005
4.71319e-005
4.97618e-005
4.25736e-005
3.37804e-005
0.000102188
3.65688e-005
4.94001e-005
0.000110704
3.93037e-005
3.14371e-005
3.11533e-005
4.05315e-005
4.14387e-005
0.00140147
0.0001457
3.94417e-005
7.22277e-005
4.49551e-005
6.76849e-005
3.4744e-005
8.43471e-005
0.000133389
0.000110825
9.02347e-005
4.59235e-005
0.000109327
8.04043e-005
0.000483778
7.28194e-005
3.23188e-005
0.000108256
0.00015823
0.000192499
0.000106382
0.000244042
0.00023547
9.06599e-005
4.08843e-005
2.64431e-005
4.83461e-005
0.00307685
0.000392455
-1.92414e-005
5.42022e-005
2.09876e-005
2.84261e-005
1.17933e-005
2.30754e-005
2.02049e-005
2.03391e-005
3.2332e-005
2.92886e-005
5.43667e-005
0.000362336
0.00109755
0.000794377
0.000604825
0.000665848
0.00088588
0.000880063
0.00105054
0.00058532
7.90539e-005
1.38434e-005
9.24037e-006
2.62097e-005
5.78916e-005
0.000955496
0.000366959
0.000331481
0.000620449
0.000191839
0.000276852
0.000266396
0.00212043
0.00141797
0.000763408
0.000333003
0.000906978
0.00019743
0.000130874
0.000359943
0.000105696
3.52844e-005
6.48661e-005
4.68444e-005
7.60244e-005
0.00026058
0.000522173
0.000457309
0.000836687
0.000352349
0.000573657
0.000545619
0.000484058
0.000212585
0.000182911
0.000112581
0.00015407
0.000223823
0.000105583
0.000604836
0.000258802
0.000353864
0.00043256
0.000220396
0.000225576
0.000471316
0.000256999
-1.07645e-006
6.00675e-005
9.46274e-005
6.10998e-005
6.63072e-005
0.000215786
0.000227154
8.04695e-005
5.47842e-005
4.79878e-005
2.98264e-005
1.67595e-005
0.000173193
9.8715e-006
8.25241e-006
5.00904e-006
1.7852e-005
2.10414e-005
1.12155e-005
8.96946e-006
1.74197e-005
1.13812e-005
1.8246e-005
2.58478e-005
1.8035e-005
0.000127214
0.000917413
0.000655971
2.0432e-006
3.82433e-005
0.000166841
0.000248535
0.000103262
0.000157626
0.000258804
0.00012698
5.43696e-005
3.45576e-005
6.24978e-005
0.000997817
0.00129193
-8.80561e-005
9.08005e-005
9.12777e-006
3.13684e-005
2.42943e-005
2.49e-005
2.57079e-005
2.29198e-005
3.00636e-005
2.03281e-005
5.93549e-005
0.000253309
0.00140253
0.00125495
0.000673843
0.000716277
0.00062837
0.000774498
0.000920649
0.000944707
0.000140687
2.4993e-005
1.21007e-005
2.19167e-005
5.68234e-005
0.000816159
0.000572833
0.000371961
0.000385367
0.000414097
0.000194637
0.000213421
0.00103946
0.00175253
0.00106982
0.000283652
0.000969236
0.000302526
1.36439e-005
0.000294393
0.000173612
3.13135e-005
7.2098e-005
3.7009e-005
6.05624e-005
0.000124488
0.000226687
0.000613851
0.00108523
0.000181178
0.000889196
0.000309923
0.00035904
0.000437196
0.000124471
0.00012646
0.000148562
0.000292864
5.70987e-005
0.000549124
0.000165504
0.000553308
0.000281359
0.000370125
0.000234637
0.000170291
0.000639128
-1.71491e-005
9.38009e-005
0.000104305
7.43809e-005
6.63719e-005
0.000120297
0.000257923
0.000138028
2.48818e-005
5.58461e-005
3.00556e-005
3.93367e-005
0.000214513
2.31815e-005
9.26559e-006
2.86641e-006
1.1547e-005
8.42073e-006
1.84475e-005
1.4419e-005
8.26375e-006
2.59289e-005
3.47708e-005
1.77593e-005
2.67991e-005
7.67583e-005
0.00206759
0.00364566
0.000618788
-6.43411e-006
0.000104417
5.20473e-005
0.000260349
2.35616e-005
0.00020291
0.000125895
0.000167519
2.76914e-005
8.20945e-005
0.00058171
0.000594313
0.000187196
0.000243511
0.000178918
9.24526e-005
3.83492e-005
0.000154825
0.000188118
5.298e-005
2.58314e-005
3.6498e-005
5.81181e-005
7.92045e-005
0.00212596
0.00267787
0.00101751
0.00249017
0.0016842
0.00136571
0.00149803
0.00090717
0.000240582
9.89313e-005
1.81755e-005
8.087e-005
6.49476e-005
8.12022e-005
0.000890415
3.87229e-005
0.000233933
0.000107683
5.35306e-005
0.000251187
0.00112574
0.00266811
0.0010964
0.00110316
0.00131886
0.000341109
0.000265928
0.000717255
0.000123208
7.29937e-005
0.000412631
0.000116488
0.000109376
0.000898656
0.000543338
0.00147758
0.0012753
0.00078022
0.00180654
0.000649697
0.00100116
0.000722929
0.000541713
0.000271845
9.21741e-005
0.000213205
0.000312631
0.000298766
0.00032752
0.000652351
0.000185072
0.000641754
0.000286783
0.000933215
0.00034
0.000293256
2.50546e-005
0.000200495
0.000118557
5.63987e-005
9.84748e-005
0.000214246
0.00016709
0.000119147
9.19745e-005
6.77725e-005
4.37282e-005
8.34847e-005
0.000737892
0.000122313
-1.46392e-006
5.78777e-006
2.33576e-005
6.58985e-006
2.35278e-005
3.62082e-005
2.53025e-005
4.8524e-005
6.59241e-006
3.35473e-005
1.79429e-005
0.00480182
0.000588429
-1.13431e-006
0.000107949
7.8693e-005
5.89528e-005
7.62213e-005
9.50391e-005
0.000177376
7.77439e-005
0.000116081
0.000106324
4.10693e-005
0.000139724
0.000960562
4.34037e-005
6.44241e-005
0.000120445
5.62447e-005
6.22023e-005
0.000121139
1.07572e-005
9.29527e-006
1.9645e-005
1.14763e-005
1.07069e-005
1.49395e-005
0.000121837
0.00332712
0.00135196
0.000697284
0.000686227
0.000447358
0.000296889
0.00130823
0.000310966
0.000348317
0.000269572
0.000301529
0.00025414
0.000204601
0.000693268
0.00099613
0.00129566
0.00140315
0.00111048
0.000669233
0.000147636
0.0026236
0.00117636
0.00174409
0.00184109
0.00141871
0.00104845
0.000600667
0.000434801
0.00021583
0.000201228
0.000198977
0.000315529
0.000384577
0.000481611
0.00130722
0.000699465
0.00118039
0.00128934
0.00125452
0.000800061
0.000213062
0.000193729
-4.75717e-006
1.63796e-005
6.62994e-005
8.20042e-006
1.82568e-005
0.000126701
0.000147873
0.000166883
0.000151784
0.000218872
8.66463e-005
0.000394974
0.000749567
0.000147294
0.000106386
5.78302e-005
6.37282e-005
5.26464e-005
0.000204811
0.000160719
0.000110316
4.23665e-005
6.13685e-005
7.31877e-005
7.93388e-005
0.00125631
8.07664e-005
7.04478e-005
5.89103e-005
7.11262e-005
8.01619e-005
0.000135651
0.000159058
0.000189512
9.85067e-005
8.44657e-005
7.42963e-005
9.04154e-005
9.44358e-005
0.271183
0.471353
0.190299
0.307482
0.0459692
0.0911496
0.1024
0.0672204
0.0660466
0.0431589
0.000645409
0.000811959
0.000355664
0.000551148
0.000935217
0.00047062
0.000110491
0.000399162
0.000147015
0.000111418
0.000179193
2.74828e-005
5.63473e-005
2.4461e-005
2.65556e-005
6.76996e-005
0.000180239
0.000668237
0.00094145
0.000878638
0.00110514
0.000804971
0.000678538
0.000515163
0.000269935
0.000141139
0.000145298
6.32961e-005
3.75643e-005
5.22125e-005
0.000759353
0.000562386
0.000207438
0.000284867
0.000115587
0.000162392
0.000365089
0.000969633
0.00142949
0.00187729
0.00106516
0.000968189
0.000554064
0.0003414
0.0287006
0.00943783
0.00147972
0.000350856
0.00178952
0.000495561
0.000368539
0.000538145
0.000623055
0.00112244
0.000982817
0.000603395
0.00109371
0.00175402
0.000709693
0.000386099
0.000193054
0.000304415
0.000492575
9.46435e-005
0.0010322
0.000290927
0.00103153
0.000429944
0.00030799
0.000422396
0.000261099
0.000673986
0.00012849
3.62706e-005
2.82498e-005
6.27207e-005
4.45052e-005
0.000119581
0.000205048
0.000228571
3.03741e-005
0.000203492
0.00011287
7.47177e-005
0.000379624
0.0001156
1.7468e-005
2.53217e-005
2.00598e-005
8.13976e-006
3.42757e-006
2.57914e-005
1.84576e-005
1.11199e-005
1.09257e-005
9.36127e-006
2.479e-005
3.41798e-005
0.0231981
0.78862
0.176218
0.452545
0.0539232
0.0724476
0.0431401
0.0892476
0.0768592
0.0514386
0.00524505
0.000690807
0.000237695
6.29213e-005
0.00205609
0.00105144
0.000926778
0.000632487
0.000489309
0.000333138
0.000178239
0.000190849
0.000168896
0.000158772
0.000165954
0.00010715
7.89038e-005
0.00328674
0.00197775
0.0018558
0.00166836
0.00153151
0.00191052
0.00168375
0.000911651
0.000392017
0.000197217
0.000113706
0.000125381
0.000122805
0.000530755
0.000923388
0.000425438
0.00127098
0.000476527
0.000363937
0.000562096
0.00359914
0.00292778
0.00175389
0.00280175
0.00229301
0.0013182
0.00120814
0.00679301
0.00675902
0.000760686
0.000235072
0.00271283
0.00100145
0.00015501
0.000207765
0.000481131
0.000580758
0.000136891
0.000933808
0.000383481
0.000219332
0.000737608
3.13988e-005
0.000336791
0.000245411
9.33563e-005
0.000238444
0.000443871
0.000282587
0.000162655
0.000223253
0.000391553
0.000138764
0.000177621
0.00102068
6.75248e-005
0.000295914
1.97792e-005
4.86758e-005
0.000145923
0.000337625
0.000418123
3.51567e-005
0.000196037
5.60332e-005
0.000131348
7.24221e-005
0.000617425
0.00108916
0.000289696
3.18323e-005
1.91774e-005
3.2936e-005
1.521e-005
1.6831e-005
3.44438e-005
2.67498e-005
8.97667e-006
1.97456e-006
2.31577e-006
1.01088e-005
0.0033779
0.698643
0.142881
0.440666
0.0772513
0.0247932
0.0647957
0.112565
0.0762791
0.0588528
0.012156
0.000195031
0.000409783
7.61634e-005
0.00119135
-1.72758e-005
7.99696e-005
0.000119254
2.08285e-005
5.91624e-005
0.000119167
5.24003e-005
4.5546e-005
2.96372e-005
1.70522e-005
2.83365e-005
2.15008e-005
0.000762462
0.00211476
0.00141818
0.00126163
0.00136065
0.00107951
0.000955398
0.0010945
0.000421923
0.000158308
0.00014845
4.04761e-005
8.11065e-005
0.000372651
0.00116406
0.000488005
0.000303566
0.000432977
0.000172302
0.000251902
0.000883798
0.00545405
0.00221916
0.00120436
0.00078391
0.00125758
0.00029105
0.0052784
0.0198148
0.00274308
0.00128619
0.00216574
0.00173719
0.000567878
0.000443342
0.000776416
0.00138888
0.000769808
0.00139493
0.000824886
0.000469047
0.000700504
0.000412779
0.000331961
0.00020364
0.000557668
0.000506423
0.00196167
0.00104834
0.000698405
0.000243969
0.000510791
0.000148536
0.000283499
0.000497403
0.000189753
1.19675e-005
2.77122e-005
6.24421e-005
5.03713e-005
3.46791e-005
0.000266229
0.000156264
9.59067e-005
3.70079e-005
3.52122e-005
4.30481e-005
0.000111853
0.000441364
4.39223e-005
5.58357e-006
1.15706e-005
1.34933e-005
7.51665e-006
3.64939e-005
0.000175238
8.34061e-006
2.5589e-005
2.00041e-005
1.10714e-005
8.03396e-005
0.00160446
0.444502
0.235743
0.308894
0.183245
-0.000765189
0.0480138
0.0644245
0.0258487
0.0290182
0.0515935
0.00126286
0.000383658
0.00152189
0.000352176
9.55574e-005
0.000215058
0.00056137
0.000367497
0.000262628
0.000186744
7.07122e-005
0.000158125
0.000170936
0.000115692
0.000105418
9.5318e-005
0.00024843
0.00152545
0.000552069
0.000645213
0.00040245
0.000438292
0.00027448
0.000303309
0.000237394
0.000139381
0.00012211
8.73017e-005
0.000129779
0.000276848
0.00135036
0.000657227
0.000557679
0.000752657
0.000782316
0.000543228
0.000318371
0.00118619
0.00121796
0.00132145
0.00118694
0.000809769
0.000485496
0.000463906
0.0285338
0.000866124
0.00430224
0.000509461
0.00588012
0.000559143
0.000419877
0.0015267
0.000981826
0.00100992
0.0015061
0.000928242
0.000922926
8.35246e-005
4.62444e-005
1.61988e-005
1.47568e-005
2.89917e-005
8.12058e-005
3.22896e-005
8.56465e-005
0.000123763
0.00018952
0.000129339
0.000169491
8.04703e-005
2.36748e-005
0.277654
0.379294
0.157843
0.253124
0.0287317
0.0380964
0.0533525
0.0318842
0.032444
0.0445342
0.00237006
0.0004614
0.000231489
0.00186503
0.129754
0.0119874
0.0108785
0.00050384
0.000321445
0.000532272
0.000650673
0.000345034
0.000155594
0.000389104
9.33826e-005
0.000257261
0.000299732
0.163904
0.444166
0.116682
0.288598
0.0285772
0.0906953
0.0508788
0.102709
0.0706182
0.0612837
-0.000353203
0.00126389
0.000273359
0.000217904
0.000868225
0.000277962
0.000576935
0.000134715
0.000319682
0.000190225
0.000154245
0.000235598
0.000350992
0.000484638
0.000175542
0.00015466
0.000135111
0.00257105
0.00219026
0.00212595
0.00253378
0.00196238
0.00213641
0.00148011
0.0017108
0.00111687
0.00045496
0.00021133
9.17742e-005
0.000143986
0.000636261
0.000459069
0.000232012
0.000365286
0.000216481
0.000293125
0.000255376
0.00156727
0.00240824
0.00227231
0.00208958
0.00315056
0.00128967
0.00091067
0.0280223
0.0158717
0.00290258
0.000791473
0.0045603
0.00116393
3.61248e-005
0.00135659
0.000963158
0.00164201
0.00088596
0.00052934
0.000638454
0.000529132
0.000397941
0.000339156
0.000195279
0.000181866
0.000310808
0.000172254
0.000781152
0.00032852
0.000697573
0.000742478
0.000243501
0.00106178
0.000489192
0.000151306
0.00018304
7.24639e-005
0.000221888
5.84012e-005
3.36676e-005
0.000160856
0.000274373
1.59013e-005
0.000101215
9.53654e-005
3.05685e-005
0.000154535
0.000293522
0.000272769
1.59945e-005
1.91287e-006
7.47183e-006
3.87108e-006
1.78664e-005
0.000137132
3.79394e-005
3.25312e-005
2.04417e-005
8.81432e-006
2.47166e-005
4.35392e-005
0.011054
0.791495
0.220415
0.407272
0.0616144
0.0729564
0.0532097
0.115785
0.0906923
0.0580377
0.00579079
0.000406002
0.000293783
0.000614342
0.00312142
0.00180955
0.00102836
0.000765997
0.0003922
0.000616852
0.000344736
0.00050474
0.000330508
0.000277443
0.000356228
0.000468853
0.000213464
0.00193967
0.0033451
0.00254125
0.00374585
0.00359895
0.00237675
0.0033144
0.00138045
0.000810973
0.000423981
0.000289244
0.000159681
0.000228076
0.00049839
0.000773761
0.000865645
0.00218204
0.00112597
0.000937828
0.00147109
0.00470536
0.00450095
0.00470955
0.00651278
0.00526567
0.00378223
0.00495932
0.00466375
0.00983314
0.00145517
0.000514902
0.00231906
0.00150303
0.000324273
0.000723471
0.000404246
0.00107261
0.000559006
0.000911072
0.000731141
0.000520246
0.000788747
0.000178088
0.000393103
0.000541251
0.000351967
0.000301897
0.000346506
0.000180858
0.000507725
0.000178558
0.000142151
0.000234426
7.08578e-005
0.00206285
0.000404035
0.00040425
0.000358294
0.000474261
0.000731212
0.000317347
0.000732382
0.000843192
0.000350045
0.000293468
0.000488976
0.000708944
0.000892622
0.00090509
-2.59259e-005
3.98207e-005
1.27754e-005
2.1187e-005
2.7686e-005
7.63032e-006
7.29263e-005
6.81437e-005
2.74815e-005
8.09599e-006
1.48316e-005
3.00007e-005
0.00201043
0.575444
0.103073
0.38644
0.0732851
0.00931533
0.0586828
0.103576
0.0682375
0.0498071
0.0122644
0.0009086
0.000452581
7.75166e-006
0.00114939
5.03582e-005
0.000138943
7.70331e-005
1.37887e-005
6.7659e-005
8.27244e-005
2.76713e-005
8.09526e-005
8.95066e-005
0.000133493
0.000138088
0.000274213
0.000495365
0.00253061
0.00202365
0.00150298
0.00144484
0.00078576
0.000467389
0.00118687
0.000652257
0.000391677
0.000238113
7.71085e-005
6.81164e-005
0.000116287
0.00129554
0.000634318
0.000376856
0.000217053
0.00025667
0.000347208
0.000934648
0.00228381
0.00150779
0.00174292
0.00164066
0.000782962
0.000152423
0.0019495
0.040866
0.00389919
0.00306315
0.00370515
0.00321561
0.000918424
0.000391295
0.00122296
0.00195859
0.00102388
0.00113127
0.000783427
0.000544924
0.000546259
0.000190293
0.000246874
0.000238562
0.000121571
0.000146743
0.000299113
0.000614214
0.000238505
0.000373236
0.000409212
0.000181741
0.000419507
0.000236276
0.000188944
5.33447e-005
3.67302e-005
1.69732e-005
4.44687e-005
6.14721e-005
0.000289523
0.000193236
3.65685e-005
2.31446e-005
2.99631e-005
4.72722e-005
8.81381e-005
0.000423064
1.82005e-005
1.37911e-006
6.77614e-006
9.3671e-006
1.30017e-005
2.18057e-005
4.47742e-005
1.7246e-005
2.01105e-005
1.71974e-005
2.5612e-005
1.78114e-005
0.00363642
0.278653
0.335628
0.258601
0.180874
0.0029176
0.0426446
0.049664
0.0592959
0.035835
0.0738739
0.00222114
0.00137638
0.000748848
0.000385034
0.000152369
0.000128086
0.000285124
0.000264137
0.000140208
7.04027e-005
9.55446e-005
0.000141322
0.000152736
8.06501e-005
0.000166939
0.000188138
0.000661937
0.000415951
0.000307568
0.000256054
7.57693e-005
0.00020573
0.000322744
0.000793659
0.00110122
0.000360555
0.000298043
0.000288698
0.000285877
0.000193914
0.0023057
0.00116005
0.000332365
0.000718342
0.000597325
0.000634366
0.000346277
0.000842631
0.00176622
0.00152168
0.00119159
0.00100487
0.000904915
0.00054745
0.000416173
0.000213558
9.23322e-005
0.000194268
0.000293918
0.000478148
0.00071578
0.00139914
0.00102465
0.00110897
0.00104162
0.000856951
0.000777851
0.000293821
0.000116114
3.64199e-006
2.31856e-005
1.67355e-005
4.89337e-005
1.435e-005
1.70849e-005
4.49669e-005
6.45357e-005
8.92742e-005
8.51651e-005
6.89637e-005
8.82014e-005
0.181939
0.437914
0.16237
0.30831
0.0441242
0.0357681
0.0443348
0.0485208
0.0466242
0.0519302
0.00179747
0.00106172
0.000392354
0.00189266
0.0228147
0.00262403
0.00148157
0.000102476
0.000287635
0.00020698
8.32124e-005
0.000210287
0.000122605
0.000264851
0.000284094
0.000131385
0.000118378
0.113696
0.330776
0.0857046
0.314626
0.0242114
0.112888
0.0229432
0.111037
0.0930019
0.0845584
0.00598329
0.000138915
0.00225279
0.00782344
0.0032549
0.00523569
0.00502418
0.00952497
0.00766335
0.00148688
0.00392085
0.00322487
0.00313673
0.0050856
0.00063439
0.00503508
0.00501146
0.00471438
0.0042925
0.00333554
0.00162608
0.00193355
0.00229063
0.00251019
0.00278211
0.00257807
0.00590406
0.0027306
0.00393287
0.00408867
0.0022051
0.0250015
0.00380315
0.00189116
0.00221681
0.000985142
0.00505361
0.000406468
0.00454502
0.0066311
0.00104601
0.00274412
0.001566
0.00176587
0.072989
0.0116624
0.00496508
0.00709068
0.0144543
0.00154981
0.00147521
0.0015546
0.00402771
0.00170242
0.00111981
0.00181045
0.00165383
0.00108695
0.00266925
0.00248012
0.00340518
0.00333865
0.0022226
0.0048147
0.00171532
0.00560407
0.00213873
0.0025752
0.00825604
0.00345661
0.00147656
0.00110876
0.00345756
0.00202991
0.00297581
0.000790443
0.00146025
0.00111659
0.00100946
0.000787309
0.00103427
0.000730613
0.00053165
0.000611429
0.00145212
0.0137006
0.00346584
0.00106868
0.000573289
0.000472661
0.000456881
0.000865068
0.00078421
0.00128481
0.000470695
0.000485265
7.22168e-005
0.000506684
0.0271254
0.536564
0.118665
0.424444
0.0457001
0.0583859
0.0390227
0.234615
0.239815
0.111779
0.0121766
0.00555081
0.010207
0.0186107
0.00793361
0.00785338
0.00366662
0.00563946
0.00462313
0.000993474
0.00147336
0.000867393
0.0012281
0.000466735
0.00060077
0.000511161
0.000469093
0.00203857
0.00614978
0.00326187
0.00311525
0.0055964
0.00374204
0.00570688
0.00142116
0.00294855
0.00305438
0.000743727
0.00236367
0.00109333
0.00111822
0.0168229
0.00190128
0.00254861
0.000703475
0.000379553
0.000143563
0.00266873
0.0045724
0.00204837
0.00866656
0.00158605
0.00271917
0.00322785
0.0323513
0.0281406
0.0126193
0.00443408
0.0111267
0.00202647
0.00067165
0.00173943
0.00175808
0.000705527
0.00126861
0.00238415
0.0015887
0.000505818
0.00234765
0.000343727
0.000625849
0.000580394
0.000147779
0.000338669
0.00124669
0.000830713
0.000262839
0.000985137
0.000867751
0.000493906
0.000689123
0.00368673
0.00299759
0.000888249
0.000636717
0.000693643
0.000609491
0.00117056
0.000797494
0.00150185
0.00127699
0.00113765
0.00144762
0.000843337
0.000871192
0.0126327
0.00507644
0.000913875
0.000456884
0.0011797
0.000538807
0.00056042
0.000214283
0.000275909
9.10127e-005
0.000328924
0.00095189
0.000363578
0.00233475
0.683322
0.178545
0.318417
0.114807
0.0441972
0.0474414
0.0366482
0.299245
0.210831
0.0134269
0.0148533
0.00482294
0.00590014
0.00510102
0.0038442
0.00132795
0.00328301
0.00269617
0.00159642
0.00107688
0.00184136
0.00192185
0.000362467
0.0012002
0.00269768
0.00139446
0.00173934
0.00272976
0.00591517
0.00196498
0.00204422
0.00644025
0.0014399
0.00279329
0.00946673
0.0039452
0.00408668
0.00531773
0.00153801
0.00415464
0.0193939
0.00823087
0.00229877
0.00171593
0.00427417
0.000766151
0.000922467
0.00326935
0.00498016
0.00158004
0.00580702
0.00506526
0.000328491
0.00475869
0.0631143
0.0114516
0.0119679
0.0223335
0.00616987
0.00170483
0.00209543
0.00139014
0.0070087
0.00422911
0.00169029
0.00382512
0.000883243
0.000886764
0.00135107
0.000902219
0.000555188
0.000741079
0.00118739
0.000170019
0.00117412
0.000962157
0.000541977
0.000469023
0.000552877
0.00108354
0.000552392
0.00172994
0.000356834
8.28227e-005
0.000191391
0.000566679
8.48963e-005
0.000310344
0.000391009
7.72573e-005
0.000242931
0.000240545
0.000222812
0.000260256
0.0125997
0.00726463
0.000196449
0.000439444
0.00019303
0.000111979
0.00019932
0.000288287
0.000827509
0.00010226
5.11171e-005
5.55149e-005
9.50335e-005
0.000113919
0.220879
0.146778
0.374279
0.252805
0.0051319
0.0604285
0.152093
0.05632
0.0571997
0.0355698
0.0090799
0.00125914
0.00129568
0.00104207
0.00191343
0.000997714
0.00102483
0.00134383
0.00103383
0.00177515
0.0010385
0.00182289
0.00103598
0.00147341
0.0025558
0.00055933
0.00320163
0.00355271
0.00510044
0.00529882
0.00446472
0.00482261
0.0034681
0.0031001
0.00650123
0.0027488
0.00716418
0.0022115
0.00487501
0.00293053
0.00996267
0.00699621
0.00315697
0.00386544
0.00293395
0.00463346
0.00244545
0.00752375
0.00202975
0.00440492
0.00450931
0.003179
0.007285
0.0014591
0.0465318
0.0203896
0.0317821
0.0050237
0.00596235
0.00318012
0.00623533
0.00233001
0.00232193
0.000859098
0.00970518
0.00182445
0.00232175
0.00244513
0.00287641
0.00153622
0.000211579
0.000605457
0.000424256
0.00145489
0.000406309
0.00135727
0.000925207
0.000862025
0.00119667
0.000872828
0.00125065
0.0848262
0.378315
0.0846618
0.229638
0.0400555
0.138879
0.0815385
0.0967809
0.0764267
0.0645747
0.00202502
0.00288403
0.00150225
0.000721227
0.163296
0.0295121
0.013517
0.00297151
-8.9512e-005
0.000503187
0.00497565
0.00159751
0.000643073
0.000866204
0.000257995
9.98208e-005
0.000281192
0.0683192
0.373892
0.0928007
0.322687
0.00963554
0.0612952
0.0164046
0.15697
0.0940054
0.0526911
0.0170181
0.00417634
0.00319848
0.00358754
0.00316354
0.00408136
0.00232798
0.00209735
0.00182702
0.000793393
0.00160093
0.000975024
0.00151634
0.00130629
0.00198216
0.00280217
0.00301184
0.0134884
0.00333979
0.00413509
0.00556696
0.000690761
0.00442193
0.00389351
0.00258211
0.00611948
0.000905646
0.00379547
0.00133073
0.00136927
0.0023913
0.0106443
0.0019426
0.00434914
0.00191794
0.000738937
0.00115926
0.00174402
0.00400073
0.00570611
0.00285349
0.00176041
0.00145004
0.00758184
0.0847271
0.00855403
0.0025297
0.00188061
0.00456103
0.00202671
0.00278857
0.00356145
0.00341079
0.00174632
0.00420576
0.00148906
0.000972785
0.00223479
0.00182462
0.000710702
0.000351722
0.000605416
0.000659146
0.000331367
0.00361749
0.00011284
0.00060856
0.00260992
0.00203739
0.000481271
0.000606327
0.0015401
0.00211744
0.000685047
0.00150093
0.00056992
0.0029368
0.00128532
0.00140617
0.00100503
0.000560949
0.000659246
0.000359105
0.000439784
0.000341161
0.00663297
0.000870327
0.000314386
0.000868653
0.000211598
0.0010307
0.000689383
0.000689623
0.000526748
0.00077291
0.000911773
0.000918557
0.00209236
0.0199986
0.501116
0.120488
0.407812
0.0680065
0.0784936
0.0564304
0.131698
0.239246
0.137555
0.00919321
0.00744458
0.0132276
0.0523759
0.0208745
0.022032
0.00286963
0.014545
0.0174387
0.00644469
0.0104961
0.00406149
0.00761461
0.00617518
0.0032525
0.0117673
0.00408136
0.00332758
0.0148806
0.00344362
0.00735569
0.00571843
0.0037143
0.00724883
0.00240833
0.00624177
0.0108658
0.00339966
0.00618156
0.00170835
0.00239395
0.0278185
0.00605222
0.00200862
0.00327894
0.00368602
0.00113239
0.00690205
0.00546849
0.00204045
0.0100852
0.00448909
0.00483377
0.00429786
0.0230733
0.0196284
0.00824614
0.00507214
0.01221
0.0025658
0.000850334
0.00122969
0.00394916
0.00245023
0.00174509
0.00289062
0.00114804
0.00057669
0.00273282
0.00177068
0.000839649
0.000532273
0.00184793
0.000620946
0.000404255
0.00223392
0.000575798
0.000304374
0.00132703
0.00098259
8.73705e-005
0.00202679
0.0017967
0.000851667
0.000471825
0.00191415
0.000693021
0.000865082
0.000836806
0.000875954
0.0026413
0.00183448
0.00144077
0.00180563
0.000637647
0.0245284
0.00790415
0.000393954
0.000870038
0.000466001
0.000407302
0.000867488
0.000137023
0.000662771
0.000431231
0.000306539
0.000382811
0.000100051
0.00302796
0.769891
0.226187
0.262863
0.138255
0.0174232
0.0704598
0.032189
0.195053
0.139683
0.0528849
0.00418751
0.00122753
0.00415467
0.00580074
0.00431543
0.00175003
0.00866982
0.00507602
0.00656149
0.00779897
0.00576149
0.00419546
0.00269364
0.00531368
0.0054855
0.00290274
0.00645392
0.00290043
0.00656145
0.00491549
0.0022235
0.00594084
0.00270555
0.00501887
0.0056154
0.00136863
0.0029038
0.00623629
0.0011375
0.00416232
0.0223825
0.00974511
0.00601515
0.0016771
0.0053888
0.00381662
0.00209409
0.00620909
0.00180466
0.000476593
0.00690709
0.001474
0.000237856
0.00389339
0.0691722
0.00320956
0.0046453
0.00924176
0.00447322
1.98001e-005
0.00172945
0.0030858
0.00169106
0.00410768
0.00212328
0.00257841
0.00299033
0.0019669
0.00308117
0.000762411
0.000523803
0.00216192
0.000564857
4.56974e-005
0.00173867
0.00128422
0.00203538
0.00280356
0.00250165
0.00262404
0.00284098
0.00239948
0.00124622
0.00140162
0.00187357
0.0009758
0.00176221
0.00278111
0.00077824
0.00134183
0.000754401
0.00079251
0.000708836
0.000495548
0.00513793
0.00442613
0.000918953
0.000267462
0.00032479
0.000231203
9.01402e-005
0.000154993
5.91748e-005
9.00181e-005
0.000142341
3.06485e-005
0.00016544
0.000296743
0.132359
0.193815
0.178863
0.158397
0.00598552
0.0178923
0.0929281
0.0683893
0.0582251
0.0381292
0.00875764
0.00331339
0.00162316
0.00150819
0.000905041
0.00185893
0.00167157
0.00302296
0.00188348
0.00389872
0.00173679
0.0047082
0.00183595
0.00635761
0.00559906
0.00612548
0.0109164
0.00233816
0.00599949
0.0024236
0.00309382
0.00264584
0.00295247
0.00395589
0.0042148
0.00643619
0.00399553
0.00274192
0.00416024
0.00271207
0.00510008
0.0028152
0.000981178
0.00379775
0.00708361
0.00428587
0.00348871
0.00738252
0.0023256
0.00649909
0.0025109
0.00470841
0.00361863
0.00239507
0.0484329
0.0202657
0.026073
0.0274781
0.00663585
0.00499102
0.00115252
0.00127643
0.00362694
0.00657062
0.00271229
0.00238574
0.00351136
0.00607689
0.00175029
0.00236808
0.00183205
0.00112152
0.00266442
0.00121032
0.00302972
0.000545587
0.00115232
0.00117141
0.00227069
0.0040388
0.00200528
0.0340807
0.325373
0.149787
0.349358
0.0233345
0.0189666
0.0182472
0.546268
0.49908
0.120915
0.050609
0.00750759
0.00906048
0.0084889
0.0550063
0.0207874
0.070284
0.00424515
0.0147163
0.00256475
0.0157554
0.0172081
0.00093783
0.000405265
0.00011938
0.000524807
0.000568563
0.0510018
0.150483
0.0739673
0.272771
0.00465028
0.0262186
0.0240025
0.177203
0.117936
0.0530437
0.0174375
0.0104809
0.00811535
0.00529232
0.0113538
0.00339874
0.000914743
0.00222752
0.00203432
0.00281413
0.000819126
0.00506626
0.00246772
0.00419773
0.00206164
0.00251432
0.00217666
0.0151051
0.0082129
0.00369902
0.00326152
0.00185207
0.00246677
0.00302971
0.00103145
0.00539964
0.00274338
0.00578038
0.000129894
0.00103338
0.0072091
0.00914078
0.00190549
0.00401324
0.00383553
0.0039563
0.00550239
0.00517585
0.0053641
0.00447733
0.00131328
0.00190441
0.00214967
0.000925946
0.0504427
0.0117466
0.0198432
0.00514595
0.0125799
0.0010448
0.00173346
0.00128571
0.00324136
0.0022421
0.00569401
0.000879777
0.00253606
0.00412217
0.00102924
0.00157378
0.00313437
0.00161308
0.00263895
0.00135284
0.00168046
0.00169884
0.000937955
0.00268845
0.000807884
0.000483008
0.000545588
0.00332627
0.000975958
0.00042332
0.000580639
0.000506868
0.000388184
5.1133e-005
0.00058655
7.29117e-005
0.000131374
0.000337702
0.000126728
0.000231774
0.000655012
0.00760553
0.00145237
0.000207057
0.000167132
0.000336093
0.000397327
0.000513614
0.000393184
0.00073302
0.000706819
0.00169278
0.00167848
0.00155598
0.0141272
0.175895
0.061523
0.0250308
0.000735758
0.00258626
0.00182624
0.00545669
0.00574187
0.00387668
0.00433139
0.00228205
0.00659947
0.00518277
0.00376769
0.00653747
0.00200767
0.00319119
0.00353516
0.00171311
0.00161567
0.00126841
0.00146159
0.00157293
0.000571252
0.00119684
0.000956385
0.00263155
0.00461784
0.00469668
0.00406307
0.00399462
0.00540996
0.00417527
0.0058081
0.00503087
0.00527415
0.00326829
0.0050654
0.004766
0.00265352
0.024327
0.00316503
0.00112432
0.0015155
0.00103143
0.00126747
0.0060644
0.00235002
0.0042395
0.00534971
0.00132364
0.00540866
0.00305744
0.00465678
0.0216421
0.00433097
0.00377018
0.00430323
0.00184548
0.000365497
0.000609525
0.00222853
0.000871899
0.000951332
0.00211073
0.00153787
0.00128703
0.00211324
0.000515519
3.04465e-005
0.0005582
0.000577293
5.39426e-005
0.000336716
0.000994361
0.000403375
0.000433279
0.000397713
0.000312047
0.000156556
0.00196022
0.00234762
0.000784986
0.000635688
0.000532428
0.000679575
0.000589382
0.000426719
0.000492786
0.00187006
0.000807149
0.000437175
0.000203879
0.000561934
0.0123205
0.00506107
0.00118524
0.000700805
0.000449715
0.000203416
8.92501e-005
0.000359684
4.64152e-005
7.01849e-005
0.000273351
0.000109803
0.000262622
0.0024004
0.264544
0.0486998
0.0272372
0.0115867
0.00054761
0.00441059
0.00334791
0.00257905
0.00493573
0.00269255
0.0030355
0.00401266
0.00270598
0.00324934
0.00221025
0.00110375
0.00048811
0.00118688
0.0012276
0.000976702
0.00299632
0.00142313
0.00106212
0.00339823
0.00151769
0.00300126
0.00445931
0.00538974
0.0040924
0.00449673
0.00358273
0.0034651
0.00193343
0.0037337
0.000280576
0.000552452
0.00034002
0.000464314
0.000252706
0.000367736
0.0111377
0.00514577
0.00138514
0.0020748
0.00109236
0.0021972
0.00348616
0.00341663
0.0023812
0.00445017
0.00642654
0.00132692
0.000624176
0.00692995
0.0404451
0.000874211
0.0013985
0.0017354
0.00357149
0.000230541
0.00163428
0.00260301
0.00138702
0.00469113
0.0019595
0.00123262
0.00358278
0.00266506
0.00266834
0.000150376
0.00106968
0.00100936
0.000419172
0.00104436
0.00212815
0.00111458
0.00211006
0.00332482
0.00257802
0.000606517
0.00172096
0.00513452
0.00190684
0.00121425
0.00227935
0.00039907
0.00159012
0.00149169
0.00105773
0.00236492
0.00104191
0.00100523
0.00114232
0.000336552
0.00798546
0.00792197
0.00106769
0.000913801
0.000876308
0.000952127
0.000757892
0.00140509
0.002394
-1.5079e-005
0.000113009
5.77494e-005
6.99403e-005
0.000274407
0.0406092
0.00869465
0.0180611
0.0122737
0.0149887
0.00634589
0.0043998
0.00350294
0.00325444
0.00340056
0.00430274
0.00262645
0.00488147
0.00082985
0.00971301
0.00295349
0.00478253
0.00129988
0.00278978
0.00173736
0.00200389
0.00288219
0.00185829
0.00229763
0.00230466
0.00164309
0.00737011
0.00617479
0.00430593
0.00272826
0.00249493
0.00626656
0.00254518
0.00829783
0.00333592
0.00593634
0.005353
0.0035984
0.00630001
0.00407948
0.00387158
0.00810278
0.00308831
0.00441321
0.00533693
0.00196236
0.00635973
0.00304262
0.000740749
0.0064827
0.0037859
0.00442126
0.0061629
0.00175684
0.0296927
0.021231
0.0130644
0.00381154
0.00938953
0.00428828
0.00905504
0.00398791
0.00506625
0.00210931
0.0112923
0.00294363
0.0052422
0.00209785
0.00820607
0.00420467
0.00264262
0.00168275
0.00138958
0.0027331
0.00112935
0.00302564
0.000822144
0.00184109
0.000720402
0.00203819
0.000941624
0.00104707
0.000613065
0.000798938
0.0012806
0.00082063
0.00148331
0.000223039
0.00131916
0.000923074
0.00137829
0.000666451
0.00192282
0.00126716
0.00151571
0.115713
0.0476761
0.00445418
0.00564739
-1.49698e-005
0.00019395
0.000605227
0.0049059
0.00106799
0.000370646
0.000985195
0.00064302
6.64212e-005
0.00825685
0.227228
0.0817246
0.0285312
0.00164232
0.00770301
0.00813013
0.0149641
0.00826436
0.0109878
0.00961633
0.00794793
0.014317
0.0126634
0.00167064
0.00137692
0.000805629
0.0015684
0.000717041
0.0017899
0.00280373
0.00110781
0.00349743
0.00197845
0.00117148
0.00208073
0.00190247
0.0065039
0.00356519
0.00298925
0.00124282
0.00352073
0.0030628
0.00173096
0.00264498
0.00170028
0.00227242
0.00496227
0.00103942
0.00205394
0.00132456
0.0103511
0.00261889
0.00235046
0.00288086
0.00161034
0.00530661
0.00556391
0.00525279
0.00505932
0.00163773
0.00702131
0.00573497
0.00176892
0.0625834
0.0216175
0.00699859
0.0018151
0.00911316
0.00113279
0.00081484
0.00141445
0.00196798
0.00174464
0.00188661
0.00124539
0.00097402
0.00063664
0.001063
0.000804686
0.00106751
0.00169746
0.000631062
0.000832593
0.000695829
0.000756511
0.00262652
0.00100409
0.00102
0.00121118
0.00130667
0.00126739
0.001195
0.000767849
0.00108235
0.00091698
0.00103773
0.00118696
0.000978805
0.0011467
0.00150769
0.00151934
0.0010009
0.00208472
0.000368864
0.0177606
0.00701965
0.000924123
0.00135895
0.000724961
0.00116494
0.0009468
0.00129089
0.000653881
0.000475737
0.00218206
0.000431144
0.00165165
0.00144802
0.198007
0.0536186
0.023685
0.00171731
0.0044767
0.00226517
0.00602169
0.00705716
0.00618509
0.00752409
0.00254373
0.0102165
0.00798306
0.00677707
0.0120985
0.00410045
0.00577185
0.00492818
0.00453471
0.00489524
0.00178133
0.00284531
0.00186215
0.00194909
0.00277188
0.00133494
0.0031724
0.0050286
0.00345035
0.00457568
0.00207739
0.00691724
0.00568761
0.00226051
0.00707106
0.00501909
0.00218298
0.00547818
0.00163509
0.00222548
0.0102042
0.00229278
0.00158331
0.00131011
0.00119393
0.000766395
0.0025578
0.00231714
0.00392311
0.00593101
0.0010793
0.00812781
0.00439787
0.00205129
0.023894
0.00183635
0.00503447
0.000655857
0.00501665
0.00233513
0.0010166
0.00155208
0.00133553
0.00395633
0.00167623
0.00608309
0.00445783
0.0040596
0.00635795
0.00648504
0.00342068
0.00440249
0.00638588
0.00417139
0.00491697
0.00309053
0.00117636
0.00480266
0.00445679
0.00177817
0.0068006
0.00354756
0.00181066
0.00166882
0.00260396
0.000932194
0.00244262
0.00137885
0.00133599
0.00305902
0.00149204
0.00348896
0.00249815
0.00151538
0.0100365
0.00473934
0.00223397
0.0025702
0.00203254
0.00082879
0.0028543
0.00152249
0.00296305
0.00108827
0.00181836
0.00225345
0.00179536
0.00721819
0.1723
0.0640283
0.0387686
0.0189492
0.00457014
0.00618607
0.00401692
0.00811537
0.0111467
0.00441581
0.0055581
0.00779019
0.00324197
0.00345076
0.000199747
0.00270439
0.00107117
0.00141367
0.00194747
0.00111566
0.00294032
0.00172676
0.00204799
0.00333573
0.000984666
0.00224564
0.00314278
0.00283554
0.00166268
0.00114733
0.00249156
0.00237553
0.00112271
0.00381315
0.0022293
0.00166133
0.00363514
0.00414683
0.00323763
0.00356661
0.0080051
0.012558
0.000936581
0.00360692
0.0019673
0.000898621
0.0026465
0.00306746
0.00432306
0.0016415
0.0047128
0.00258877
0.00276712
0.00529103
0.0418945
0.000284593
0.00293229
0.00653957
0.00350845
3.78061e-005
0.0014801
0.00119535
0.00287503
0.00344419
0.00189919
0.0015643
0.000559832
0.00152252
0.00192495
0.000193612
0.00121976
0.000974593
0.000505707
0.000896965
0.00167595
0.00136874
0.000691009
0.00112723
0.00328138
0.000590034
0.00117481
0.00139864
0.000167278
0.000171437
0.000224169
0.000108673
0.000241641
0.000222666
0.000420881
0.000151555
8.86201e-005
0.000107185
9.61204e-005
0.000116721
0.00233197
0.0069652
0.00180862
-0.000103642
7.84204e-005
8.87467e-005
4.57052e-005
5.33337e-005
0.000177291
0.000146673
2.67495e-005
5.52905e-005
5.88525e-005
0.000325275
0.00133981
0.00285657
0.000526836
0.00122973
0.000500533
0.000676295
0.0005882
0.000473497
0.0013835
0.000567292
0.00101756
0.000714127
0.000508517
0.000561786
0.000638468
0.000218711
0.000173281
0.000240953
0.00018687
0.000262429
0.00039257
0.000266836
0.000793819
0.000295568
0.000640445
0.000407904
0.00107947
0.00191742
0.00188547
0.00204497
0.00110305
0.00168781
0.00152626
0.000982038
0.00160815
0.000266088
0.000466283
0.000345758
0.00034673
9.35455e-005
0.000276975
0.0124627
0.00104721
0.000511001
0.000188442
0.000452785
0.0002463
0.000978044
0.00273241
0.0019204
0.00216364
0.00190559
0.00140537
0.00138957
0.0300173
0.0107206
0.010165
0.00348821
0.00514218
0.002699
0.000653719
0.0013608
0.00133842
0.00153825
0.00150834
0.00346465
0.000719929
0.00116557
0.000407509
0.000194019
8.09645e-005
0.000127519
0.000321384
7.78004e-005
0.000104046
0.000444556
0.000177351
0.000423022
8.19084e-005
0.000504567
0.000137963
0.000797027
0.00229466
0.00151194
0.00235245
0.00152531
0.000528487
0.00242646
0.00295462
0.00221716
0.00320827
0.0010179
0.00032442
0.000809478
0.000517404
0.00135821
2.02636e-005
0.000320008
0.00228902
0.00250857
0.0102489
0.0160659
0.0398211
0.0082684
0.00778255
0.0154754
0.0113063
0.014202
0.012509
0.000208758
0.00557903
0.0164163
0.00905205
0.0233054
0.0123714
0.00731707
0.00948308
0.0140825
0.00284931
0.00537042
0.00264931
0.00129747
0.00266772
0.000344465
0.00113157
0.00190887
0.00111331
0.00120766
0.00117828
0.000950549
0.000316614
0.000460972
0.00142744
0.00123862
0.000263456
0.00068684
0.00169937
0.000465584
0.000833215
0.000484053
0.00055268
0.000550322
0.000553915
0.000295527
0.000346764
0.000175205
7.92082e-005
0.000118454
0.000277073
0.000999022
0.00143116
0.000889188
0.000818742
0.000494491
0.000338448
0.000527596
0.00107975
0.000550511
0.000137677
0.000746184
0.000534494
4.86905e-005
0.000240388
0.000382404
0.000186647
0.000120369
0.000196013
0.000142465
0.000269628
0.000512778
0.00125362
0.00127513
0.000605644
0.00133598
0.000411898
0.00101488
0.000357848
0.000984513
0.000445488
0.000235059
0.000580984
0.000508121
0.000143974
0.000216863
0.000499804
0.000288992
0.000249921
0.000204308
0.000175867
0.00158121
0.000154266
0.000237206
0.000402224
0.000135097
2.14382e-005
3.42394e-005
0.000229276
0.000193938
7.84764e-005
0.0002561
5.00574e-005
0.000318226
0.000157505
0.000304986
0.000112049
7.51922e-006
1.57345e-005
4.50944e-005
1.28935e-005
7.16935e-005
7.19376e-005
7.37442e-005
0.000182534
0.000279942
0.000315
0.000512073
0.000634161
0.00107907
0.000472939
8.78928e-006
0.000104445
6.30005e-005
8.99845e-005
0.000122965
0.000365969
0.000243126
0.00023266
7.1956e-005
6.92859e-005
0.000265866
0.00435962
0.000510861
0.000127034
4.04377e-005
0.00014134
7.82849e-005
5.30572e-005
3.29247e-005
1.24734e-005
1.2228e-005
2.41618e-005
5.00825e-005
0.000109413
0.000381284
0.000717835
0.000636937
0.000544788
0.000505725
0.000631144
0.000553149
0.000695374
0.000419533
0.000294223
0.000155695
0.000122028
0.000143701
0.000273823
0.00191237
0.000651248
0.00147107
0.00147892
0.000238967
0.000610832
0.000479969
0.00099451
0.00074246
0.000369173
0.000396631
0.000579267
0.000120565
0.000132385
0.000284863
0.000178232
9.72941e-005
0.000236032
0.000186889
0.000270804
0.000643041
0.0013321
0.000811165
0.000799854
0.000613268
0.000539598
0.000867684
0.000355819
0.000729879
0.000982066
0.000102678
0.000814826
0.000635347
1.5797e-005
0.000312338
0.000348381
0.000281366
0.000266952
0.000245849
0.000216737
0.00122338
0.000370795
0.000197362
0.000332552
0.000283773
5.9591e-005
1.70987e-005
0.00027278
0.000198679
8.82076e-005
0.000215679
7.39313e-005
0.000152256
0.000140451
0.000563932
0.000165533
1.43642e-005
1.03676e-005
4.70448e-005
2.24795e-005
6.66818e-005
8.92919e-005
5.62591e-005
0.000131122
0.000225055
0.000417777
0.000424499
0.000422168
0.00690241
0.00232582
7.37429e-005
0.000329206
0.000111362
8.55842e-005
4.74022e-005
8.16178e-005
0.000159668
0.000193766
6.872e-005
5.07208e-005
6.13824e-005
0.000408658
0.000945345
0.000311423
8.9944e-005
0.00015317
0.000177856
0.000328665
0.000164351
8.51313e-005
2.8392e-005
4.8765e-005
8.76204e-005
7.21635e-005
7.28021e-005
0.000794524
0.000352525
0.000405399
0.000630228
0.000378881
0.000520169
0.00034412
0.000600754
0.000584614
0.000423621
0.000443576
0.000241244
0.000334009
0.00156495
0.000630086
0.000321003
0.00123671
0.000126387
0.000752027
0.00022198
0.00101662
0.00111602
0.00114588
0.000430161
0.000540323
0.000291841
0.000311092
0.000798444
0.000335618
0.00181686
0.000960804
0.000885306
0.0010289
0.00139416
0.00173735
0.000342384
0.00190647
0.000924623
0.000839717
0.000601895
0.000773683
0.00115716
0.000497133
0.000183223
0.000465761
0.000956566
0.000156057
0.000254105
0.000213842
0.0001868
0.000163665
0.000108572
0.000149493
0.00030816
0.000577701
0.000347303
0.00038487
0.000631893
0.000421903
6.24831e-005
0.00013155
0.000288189
0.000365254
0.000123159
0.000105686
0.000204588
9.84818e-005
0.000211746
0.000180027
3.65513e-005
3.62942e-005
3.50258e-005
5.00153e-005
6.27244e-005
0.000179239
6.26434e-005
0.000111876
0.000233231
0.000314038
0.000272722
0.000382911
0.00746417
0.000645951
6.5795e-005
0.000109573
0.00012131
0.000110027
0.000207358
0.000141549
4.65123e-005
0.000106666
5.43198e-005
8.5599e-005
9.96202e-005
0.00115117
0.00022846
0.000191608
0.000170544
0.00015859
7.27986e-005
9.05991e-005
0.000298546
0.000318187
0.000220107
4.72998e-005
7.26234e-005
0.000186829
0.000187227
0.00176881
0.00123583
0.000635134
0.000352582
0.000233042
0.000367351
0.000719017
0.00146791
0.000691595
0.000676091
0.000643334
0.000451648
0.000378293
0.000495817
0.00145101
0.00279623
0.00235224
0.00181039
0.0012236
0.000506902
0.000212088
0.00143166
0.000494559
0.000376728
0.000369603
0.000104778
0.00015637
0.000516007
0.000292231
0.000337958
0.000333888
0.00033159
0.000319977
0.000364687
0.00029828
0.000183696
0.000283386
0.000222934
0.000137703
9.47108e-005
0.000182862
9.40092e-005
5.52813e-005
6.59244e-005
6.99175e-005
6.08146e-005
0.000126826
0.000127418
0.000149402
0.000196869
6.34262e-005
9.93843e-005
0.000108323
2.32442e-005
0.00022487
0.000157296
0.00012474
0.000265507
8.52131e-005
6.45876e-005
4.00335e-005
5.17575e-005
5.21773e-005
5.9202e-006
8.66417e-006
5.46478e-005
3.54813e-005
0.000105449
0.00239111
0.000254073
4.68796e-005
8.23961e-005
0.000157064
0.000175425
0.000134017
0.000148347
0.00015205
0.000116429
0.00016342
7.78007e-005
0.000189919
0.000401174
0.000239516
9.40627e-005
4.82169e-005
0.000167296
0.00010855
0.0001195
0.000205382
0.000319769
0.000255388
0.00015317
4.26823e-005
0.000156445
0.000446562
0.00365809
0.000141939
7.67022e-005
7.99628e-005
0.000150038
0.000100943
2.14242e-005
4.70954e-005
2.95643e-005
1.02375e-005
1.6308e-005
7.45023e-005
0.000100931
0.000346544
0.00109267
0.000610433
0.000702442
0.000546085
0.00050123
0.000417743
0.000548364
0.00024634
0.0002582
0.000130657
0.000103998
0.000168144
0.000237368
0.00150653
0.00110637
0.000896056
0.00122207
0.000425613
0.000428106
0.000480451
0.000941496
0.000513127
0.000222269
0.000782142
0.000590946
4.61863e-005
0.000193739
0.000294017
0.000148537
0.000181395
0.00015367
0.000140101
0.000253557
0.000558195
0.00117223
0.00106437
0.000479084
0.00104032
0.000418193
0.000860501
0.000269824
0.00100272
0.000766088
0.000225716
0.000595316
0.000586778
4.51235e-005
0.000246122
0.000509021
0.000308209
0.000219173
0.000185474
0.000201181
0.00143811
0.000178852
0.000193694
0.000331434
0.00014601
4.68459e-005
1.37399e-005
0.000271593
0.000174409
6.55051e-005
0.000249239
3.80752e-005
0.000245278
0.000104034
0.000515801
9.88712e-005
6.14552e-006
1.68759e-005
6.26923e-005
2.03114e-005
5.60535e-005
6.74258e-005
6.32566e-005
0.000144742
0.000213089
0.000389464
0.000383124
0.000442188
0.00119659
0.000551139
2.04232e-005
7.7207e-005
6.91311e-005
0.000111827
0.000108461
0.000420695
0.000277308
0.000247718
5.80783e-005
6.69184e-005
0.000146181
0.00383128
0.000553822
7.28837e-005
4.06174e-005
0.000109637
5.97487e-005
3.11764e-005
3.97789e-005
2.7272e-005
1.20522e-005
2.22199e-005
4.54088e-005
0.000141328
0.000275663
0.000803582
0.000560443
0.000522862
0.000531866
0.000559251
0.000451113
0.000746119
0.000458324
0.000307671
0.000190303
0.000120003
0.000141246
0.000209279
0.00186772
0.000656668
0.00124005
0.00160347
0.000233368
0.000676088
0.000409093
0.000984835
0.000775971
0.000475208
0.000278194
0.000569063
0.000147669
7.32969e-005
0.000310637
0.000208153
0.000105864
0.000303012
0.000206383
0.000264857
0.000584396
0.000823959
0.000679876
0.000822215
0.000659145
0.000619483
0.000772825
0.000433742
0.000838044
0.00079541
2.46953e-005
0.000684328
0.00087296
6.75113e-005
0.000288945
0.000255385
0.000313832
0.000160325
0.000301545
0.00026564
0.000795986
0.000483707
0.000192542
0.000289407
0.000294977
7.29077e-005
2.6501e-005
0.000247863
0.00019782
9.32439e-005
0.000160468
5.25393e-005
9.95711e-005
0.000111106
0.000620926
0.000148508
1.88445e-005
1.15709e-005
3.7403e-005
2.9187e-005
3.67187e-005
0.000116109
5.64511e-005
0.000143262
0.000159314
0.000462536
0.000371393
0.000435099
0.0063106
0.00255112
0.000112511
0.000251215
7.61412e-005
8.3245e-005
5.21664e-005
7.45999e-005
0.000220114
0.000203636
9.98306e-005
5.74023e-005
5.61826e-005
0.000266158
0.00103955
0.000377931
8.12032e-005
0.000154533
0.000201316
0.000379041
0.000179388
8.19086e-005
3.66038e-005
5.26413e-005
9.83816e-005
8.61027e-005
8.39045e-005
0.00074541
0.000491868
0.000425527
0.000695469
0.000348352
0.000389342
0.000347825
0.000486952
0.00053784
0.000512949
0.000526996
0.000324098
0.00041834
0.00194204
0.000651783
0.000294003
0.00101642
0.000153279
0.000652003
0.000111631
0.00101376
0.000993336
0.00145619
0.000481495
0.000466044
0.000390198
0.00029702
0.0010227
0.000315245
0.00127573
0.0013897
0.000703035
0.000924817
0.00174799
0.00135783
0.000394386
0.00197682
0.000841645
0.000994862
0.000591584
0.000654872
0.000862472
0.000605708
0.000169316
0.000613021
0.000679552
0.000242049
0.000373988
0.000174958
0.000318928
0.000223023
0.000139864
0.000156608
0.000281016
0.000541214
0.0003734
0.000342046
0.000668917
0.000337946
7.01736e-005
0.000137169
0.000282645
0.000398136
0.000151758
0.00010241
0.000189863
8.73754e-005
0.000162482
8.21128e-005
5.08839e-005
4.31362e-005
3.85297e-005
4.67459e-005
6.71085e-005
0.00017085
8.94891e-005
9.21549e-005
0.000191003
0.000307171
0.000266542
0.0004431
0.00807339
0.000874454
3.47635e-005
0.000125089
0.000107994
9.55207e-005
0.000179681
0.000156592
5.16147e-005
0.000121512
6.01398e-005
6.99775e-005
0.000117794
0.00091225
0.00233884
0.00173789
-0.000158049
7.24333e-005
6.24073e-005
3.2103e-006
5.96474e-005
1.68488e-005
1.56742e-005
2.39521e-005
3.38485e-005
9.31426e-006
1.00371e-005
2.74457e-005
4.59303e-005
1.23021e-005
5.31708e-006
1.71717e-006
2.47522e-006
8.5907e-006
0.000641085
3.93531e-005
-7.15021e-006
1.2242e-005
9.13648e-006
1.54215e-005
7.26265e-007
1.3466e-005
1.7739e-005
3.23739e-005
1.23773e-006
1.30985e-006
2.9215e-006
2.06695e-006
2.27605e-006
9.07494e-006
4.84353e-007
2.35489e-006
1.37869e-006
8.8811e-006
0.00485109
0.00241071
0.000308731
-2.55538e-006
2.77806e-005
1.14071e-005
1.74282e-005
9.98157e-006
2.87123e-006
2.83063e-006
4.55136e-006
1.71972e-005
5.58298e-006
5.48295e-006
2.8364e-006
1.06795e-005
2.52298e-005
1.72071e-005
7.35293e-006
7.63069e-006
1.59247e-005
1.91276e-006
4.32965e-007
1.48276e-006
8.74844e-007
7.19651e-007
7.04031e-007
1.59315e-006
1.55145e-006
7.76714e-007
1.29711e-006
3.54287e-007
1.69674e-006
2.62553e-008
-1.27595e-008
1.94432e-008
1.44184e-008
1.49007e-008
3.19378e-008
4.97539e-008
5.05491e-009
1.6214e-009
4.44704e-009
5.16043e-009
1.42096e-008
2.08507e-009
1.0179e-009
1.88818e-009
3.01632e-010
7.89981e-010
1.77669e-009
1.14408e-009
2.46657e-010
1.74587e-009
0.00422266
0.656614
0.0949344
0.323607
0.0792773
0.026079
0.0488971
0.0553855
0.150404
0.104453
0.00589462
0.00967602
0.00535219
0.00943565
0.00285549
0.00245031
0.000541056
0.00188911
0.00204739
0.00412912
0.00129591
0.00187866
0.0020845
0.000393171
0.00124136
0.00133048
0.00185233
0.00284421
0.00292387
0.00509734
0.00402832
0.00277756
0.00420458
0.002186
0.00529787
0.00221642
0.00281514
0.00442383
0.00264762
0.00624907
0.00225475
0.0146949
0.00323661
0.00131973
0.00530057
0.00281897
0.00152805
0.00370809
0.00227732
0.00532416
0.00196503
0.00969251
0.00586665
0.00256284
0.011997
0.040823
0.00291979
0.00173497
0.00575
0.00568481
0.000981611
0.00213652
0.000640859
0.00120809
0.00403183
0.00188208
0.00209371
0.00110989
0.00241686
0.00134036
0.000729255
0.000740081
0.00050096
0.000381087
0.00146973
0.000620243
0.00101477
0.00139653
0.00247264
0.000139412
0.000233878
0.00341933
0.000413797
0.00110597
0.00167357
0.0019825
0.000956524
0.00216671
0.00136088
0.000896258
0.00237866
0.00142488
0.000960452
0.00118425
0.000145853
0.00439114
0.00127855
0.00178488
0.000179633
0.000444994
0.000512218
0.000540086
0.00142383
0.000862084
0.000397235
0.00120055
0.000683623
0.000890171
0.00124157
0.374491
0.168595
0.242077
0.172901
0.0638981
0.0450724
0.0537615
0.15469
0.153427
0.0268125
0.00910429
0.00623563
0.00278753
0.00799855
0.0037541
0.00346831
0.00231847
0.00190339
0.00350142
0.00190703
0.000987826
0.00198027
0.000869166
0.000453775
0.00238121
0.000900177
0.00300903
0.00199974
0.00304229
0.00448283
0.00239783
0.00493436
0.00459339
0.00538106
0.00675769
0.00290773
0.00633725
0.00385648
0.00295336
0.00498881
0.00883295
0.00731367
0.00241976
0.00140166
0.00145623
0.00145813
0.00218323
0.000353457
0.00582357
0.00359873
0.0010678
0.00418972
0.00450533
0.00226471
0.0406331
0.00903321
0.00650713
0.00842184
0.00757786
0.00263995
0.000471763
0.00423136
0.00411831
0.00150486
0.00251465
0.00191024
0.000688679
0.00241477
0.00352358
0.000190691
0.00324026
0.00164717
0.000332885
0.00136673
0.00184372
0.00146729
0.00103941
0.00115034
0.0017086
0.000108269
0.00149891
0.00167664
0.00093189
0.0020771
0.00172625
0.000799017
0.000409773
0.000672454
0.00094297
0.000594187
0.00154159
0.000771669
0.000693669
0.000487362
0.00625608
0.00780787
0.00152402
0.000468677
0.000479669
0.0010098
0.000305687
0.000650929
0.000553167
0.000276462
0.00432153
0.000609276
0.00264207
0.00216109
0.0940911
0.186194
0.173373
0.267331
0.0107626
0.0246255
0.0151661
0.378828
0.219532
0.0691719
0.0141009
0.00356215
0.00203355
0.00156144
0.000406385
0.00197289
0.00186615
0.00479873
0.00423696
0.00390183
0.00440023
0.00170468
0.00272206
0.00125244
0.00248436
0.00354636
0.00216305
0.0030091
0.00558331
0.00200675
0.00408798
0.00282836
0.00246407
0.00586053
0.00652498
0.00508181
0.00486719
0.00237525
0.00552464
0.00371352
0.00341049
0.0135801
0.00328211
0.0032626
0.00375119
0.00200419
0.00407961
0.00206014
0.00410516
0.00121517
0.00422233
0.00800703
0.000215395
0.00421433
0.110625
0.0136889
0.00681556
0.00512155
0.00732045
0.002374
0.00234913
0.00225466
0.00852755
0.00551331
0.00123269
0.00223961
0.00197629
0.00255131
0.00341011
0.00115223
0.00174991
0.00127703
0.000879032
0.00112679
0.000568581
0.00225485
0.00135504
0.0016211
0.00138951
0.000964721
0.00203464
0.0009301
0.00194982
0.0021031
0.00190001
0.001635
0.00347089
0.00190579
0.000718094
0.000492688
0.00173325
0.000459078
0.000280926
0.00128544
0.00019012
0.0113593
0.00401883
0.00075538
0.000419785
0.000549234
0.000113955
0.000338461
0.000150878
9.88518e-005
0.000166271
0.000361293
0.000389246
0.000227617
0.0276581
0.176453
0.116929
0.310298
0.0335286
0.0220844
0.0198204
0.164873
0.0716709
0.0382706
0.0147818
0.000804178
0.00541839
0.00290264
0.00309595
0.00154841
0.00397865
0.00204672
0.00439635
0.00232829
0.00296279
0.00455194
0.0019303
0.00520499
0.00186497
0.00379226
0.00294983
0.00288427
0.00940865
0.00373556
0.0076653
0.00342983
0.00531618
0.0034892
0.00402118
0.00289694
0.00210133
0.00321775
0.00279859
0.00424334
0.00562047
0.0121141
0.00205862
0.00392844
0.0103211
0.00490508
0.00322446
0.00398163
0.0053386
0.00450249
0.0013158
0.00681309
0.0023684
0.00375584
0.0140308
0.0812251
0.0292889
0.0160011
0.00571426
0.00370372
0.00396048
0.0103983
0.00580825
0.00453163
0.0152223
0.0110605
0.00729306
0.00349466
0.00398936
0.00433481
0.0021744
0.00139655
0.0018243
0.00133022
0.00189027
0.00140663
0.00147371
0.00238198
0.00123907
0.00311146
0.00169976
0.004966
0.396741
0.131947
0.196785
0.151175
0.0836108
0.253218
0.288058
0.0809197
0.202846
0.00856005
0.00291603
0.00151604
0.00115753
0.0024838
0.123302
0.0057552
0.00539342
0.00265471
0.00251527
0.00154475
0.00787085
0.00165531
0.000435548
0.000447328
0.000395491
0.000255977
0.0042557
0.553784
0.130714
0.317504
0.115045
0.013118
0.0243834
0.0276926
0.186412
0.113603
0.0127886
0.0111092
0.00430669
0.00283344
0.00261045
0.00107421
0.00240564
0.00457998
0.00421011
0.00397187
0.0033557
0.00166457
0.00758474
0.00267723
0.0045375
0.00263009
0.0011284
0.00398153
0.00458739
0.00386892
0.00234569
0.00243634
0.00141503
0.001697
0.00359123
0.00328252
0.00439397
0.00352742
0.00258251
0.003528
0.00140275
0.0158124
0.00997337
0.0040814
0.00530076
0.00156481
0.0028332
0.00522786
0.00207141
0.00275615
0.00208894
0.00729509
0.00350547
0.00149434
0.00588904
0.0547555
0.00307911
0.00423147
0.007537
0.004928
0.000902873
0.00154633
0.00166756
0.00258205
0.0022693
0.00169062
0.00146918
0.000270724
0.00145862
0.00220161
0.000531992
0.000751971
0.00228979
0.00170623
0.000718894
0.000607028
0.00189083
0.00113204
0.000866701
0.000316943
0.00107405
0.0016229
0.00173889
0.000389124
0.000762569
0.00106899
0.00076719
0.00276621
0.00154387
0.00103959
0.0013993
0.00139635
0.000578564
0.00187219
0.00108373
0.00337991
0.00315906
0.00420638
0.000935642
0.00111074
0.00135252
0.000949996
0.00152447
0.000943243
0.000138414
0.000538402
0.000650923
0.000493794
0.000524038
0.275478
0.149638
0.191853
0.255679
0.00749673
0.0533777
0.0340772
0.282609
0.174781
0.0577913
0.0114888
0.00280908
0.00178355
0.0064425
0.00426447
0.00433213
0.00846525
0.00326625
0.00615191
0.00467902
0.00266461
0.00407934
0.00107056
0.00115779
0.00317821
0.000653694
0.00418584
0.00220486
0.00372984
0.00632809
0.00322138
0.00521434
0.00379199
0.0030618
0.00595854
0.00225551
0.00349176
0.00304281
0.00237349
0.00238199
0.00388129
0.00973093
0.000931282
0.00136371
0.00244535
0.00132146
0.00227767
0.00364407
0.0025614
0.00505618
0.00629074
0.00475906
0.00665948
0.00239709
0.0487467
0.0104148
0.00981027
0.00990888
0.00851469
0.00109144
0.00102467
0.00320233
0.00317261
0.00184392
0.00213439
0.00232325
0.00152752
0.000759794
0.00207804
0.00049076
0.0019294
0.00156391
5.1943e-005
0.00100987
0.000686125
0.00138104
0.000533318
0.000441862
0.00153281
0.000337747
0.000933019
0.00174596
0.00127035
0.000987722
0.00102137
0.000630112
0.000764927
0.000576111
0.00103018
0.00160672
0.00110377
0.00235463
0.00101976
0.00181983
0.00341765
0.0102411
0.00171504
0.00133944
0.000557375
0.00144018
0.00107053
0.00150712
0.000996613
0.00124849
0.00125113
0.000619048
0.00394035
0.00237663
0.056179
0.258384
0.188141
0.342763
0.0310319
0.048224
0.03478
0.280067
0.260109
0.132089
0.000368083
0.00354098
0.00127303
0.00644177
0.00158461
0.00104034
0.00299954
0.00640023
0.00202275
0.00597951
0.0015742
0.00204063
0.00349109
0.00113538
0.0034175
0.00155386
0.00161846
0.00267691
0.00101834
0.0026434
0.00209832
0.000705243
0.00115374
0.00348816
0.000493859
0.00106727
0.00132756
0.00101625
0.00112527
0.000487918
0.0031003
0.0122593
0.000931829
0.00380587
0.00179933
0.00286507
0.00221766
0.000775651
0.00661183
0.0036697
0.00279911
0.00326822
0.00213063
0.00300937
0.0774275
0.013193
0.0148787
0.00578286
0.00759877
0.0021369
0.00116638
0.00102525
0.00110525
0.00120342
0.00234802
0.000462665
0.000257435
0.000737269
0.00189885
0.00097796
0.000544079
0.00015927
0.00034901
0.000699216
0.00180192
0.00165192
0.000663995
0.00233063
0.00144529
0.000437636
0.00168054
0.00237501
0.0019062
0.00142032
0.00439527
0.000887127
0.002164
0.00119383
0.00153467
0.00271565
0.00079751
0.00203691
0.00198977
0.00141481
0.00111227
0.0108728
0.00858569
0.000735495
0.000836317
0.00170919
0.00144912
0.000622006
0.000633517
0.000332316
8.52369e-005
9.9883e-005
0.000325285
0.000344285
0.0107149
0.270249
0.129328
0.373712
0.0264052
0.00949861
0.0274816
0.114514
0.0222989
0.0231542
0.0242137
0.00536225
0.00343493
0.000276068
0.00193429
0.0024956
0.00396684
0.00190563
0.00304791
0.00221312
0.0022926
0.00671888
0.0020854
0.00582259
0.00214411
0.00402844
0.00340107
0.0028962
0.00689217
0.00565125
0.0107297
0.00702718
0.00910819
0.00418705
0.0076041
0.0067197
0.00304021
0.00591941
0.00200304
0.00467287
0.0028633
0.0089902
0.00314794
0.00659617
0.00373261
0.00227011
0.00383429
0.00310606
0.0053005
0.00435063
0.00580717
0.0106919
0.00306527
0.0094139
0.0101486
0.0495394
0.0143699
0.0304922
0.00999117
0.00286295
0.0011591
0.00407354
0.00264396
0.00541538
0.00546184
0.00234501
0.00175139
0.002274
0.000547089
0.000599466
0.00108239
0.0010724
0.000143235
0.00147901
0.00102228
0.00102976
0.00117042
0.000359961
0.00123449
0.00263017
0.000960233
0.00315823
0.183995
0.177135
0.22595
0.114943
0.0140022
0.0109249
0.15818
0.162678
0.220673
0.0526698
0.029578
0.00952142
0.00629193
0.00932535
0.00921675
0.0186419
0.0135286
0.0117842
0.00796819
0.00620127
0.00872546
0.00909032
-0.000420857
0.000138706
0.000316014
0.000199867
0.00538152
0.528138
0.187889
0.202964
0.122325
0.0180694
0.0364181
0.0411393
0.1925
0.0955812
0.0134124
0.00895098
0.00780456
0.00617015
0.00337785
0.00280997
0.00110986
0.00172682
0.000815127
0.00271861
0.000303906
0.00184382
0.00203356
0.00116565
0.00260505
0.00144292
0.00105066
0.00370875
0.00367818
0.00308515
0.00306978
0.00200103
0.00172373
0.002702
0.00218682
0.00113114
0.00276503
0.00117674
0.00199598
0.00295391
0.000914857
0.0120558
0.00704881
0.0014112
0.00363194
0.00126311
0.00197449
0.0024851
0.00136579
0.00673374
0.00496432
0.00278064
0.00511509
0.002924
0.00406141
0.0693558
0.00514266
0.00303394
0.0114261
0.00523122
0.000937681
0.00141697
0.00189078
0.00174813
0.00281112
0.00216792
0.00112252
0.00181142
0.00206132
0.000920453
0.000382983
0.000677103
3.93771e-005
0.000734936
0.00161893
0.000583497
0.00113442
0.00181484
0.00265296
0.000417632
0.000700017
0.00256557
0.00378213
0.0014512
0.00127392
0.00182847
0.000686849
0.000882572
0.00176462
0.000517782
0.000973618
0.00013314
0.000362318
0.00046685
0.00011976
0.0153793
0.00633136
0.00170098
0.000601635
0.00103505
0.00117499
0.000253066
0.00106763
0.000623215
0.000598735
0.0022986
0.00101146
0.00255425
0.00285548
0.213535
0.217699
0.235328
0.27157
0.0267608
0.0683734
0.0498045
0.393941
0.238139
0.0608576
0.013257
0.00432225
0.00292771
0.0140197
0.00305168
0.00428614
0.00757867
0.00514944
0.00857823
0.00283318
0.00307885
0.00269612
0.000940788
0.00143061
0.0034419
0.00241573
0.00358642
0.00267115
0.00750867
0.00933078
0.00645793
0.00735718
0.00249825
0.00534579
0.00537472
0.00233424
0.00565639
0.00242134
0.00525658
0.00491822
0.00656735
0.0110467
0.0014767
0.00406773
0.00514158
0.000699742
0.00298399
0.00452682
0.00175244
0.00236269
0.00561395
0.00364844
0.00533749
0.00740018
0.0679024
0.0118178
0.0133826
0.00265145
0.00747681
0.000407547
0.00215571
0.00246732
0.00195318
0.00160828
0.00228295
0.00185992
0.000460523
0.00118067
0.00207727
0.00130109
0.000408695
0.00120199
0.000508523
0.000237949
0.000916663
0.0014271
0.000399968
0.000344109
0.000902491
0.000513205
0.000652493
0.00162566
0.000445628
0.00130356
0.000794733
0.000792452
0.000744553
0.00119849
0.000893697
0.00185391
0.000823719
0.0029493
0.000963012
0.00320969
0.00179165
0.0146216
0.00320855
0.000683536
0.000476603
0.00197234
0.000684196
0.00114337
0.00068772
0.00125646
0.000801976
0.0011792
0.00113356
0.00171425
0.0593004
0.255422
0.119415
0.306303
0.0282563
0.0538745
0.035709
0.294131
0.275535
0.154296
0.00369889
0.00526072
0.00536558
0.00395137
0.000795511
0.0034987
0.001984
0.00712782
0.00454467
0.00424541
0.00278511
0.00225632
0.0050404
0.00284871
0.00299773
0.00382697
0.001955
0.00432716
0.00318378
0.0021205
0.00404886
0.000883065
0.00212911
0.00358963
0.00230319
0.00570744
0.00373897
0.00543817
0.00498168
0.00340142
0.00516002
0.014468
0.00410757
0.00533106
0.00482707
0.0055013
0.00342482
0.000798955
0.00750028
0.00268126
0.00320631
0.00841538
0.000708736
0.00156607
0.0887266
0.0256907
0.00203091
0.00209062
0.01702
0.000769056
0.000995145
0.00148446
0.00509097
0.00271624
0.00159568
0.00066521
0.00359466
0.00113354
0.00136679
0.0015835
0.00229155
0.00176117
0.00122267
0.000580834
0.00178593
0.00130972
0.00183296
0.00219525
0.00181269
0.0013619
0.00186208
0.0011909
0.002847
0.00039368
0.00179213
0.000639452
0.00167401
0.000954385
0.000469909
0.000502724
0.000874148
9.79115e-005
0.000445781
0.000231382
0.000244618
0.0171696
0.00151309
0.00116501
0.000425389
0.00032344
0.000565264
0.00113883
0.00052125
0.000255309
0.000208329
0.000232837
0.000341645
0.000224654
0.00822754
0.177144
0.112312
0.36004
0.0490548
0.00995168
0.0266188
0.146257
0.0302468
0.0338253
0.0347071
0.00696374
0.00804314
0.00290625
0.00163554
0.00290703
0.00285438
0.00536624
0.00437019
0.00347976
0.00150576
0.0036088
0.00111466
0.00438113
0.000556252
0.00362157
0.000938536
0.00367496
0.00438512
0.00429792
0.00349933
0.00676927
0.00369149
0.00727838
0.0033412
0.00693157
0.00277579
0.00351099
0.00101035
0.0044693
0.00376056
0.00908706
0.00648323
0.00563101
0.0105092
0.00621181
0.00846543
0.00375443
0.00836138
0.00516219
0.00415996
0.00817719
0.00288643
0.00867519
0.0026198
0.0485564
0.00630974
0.0244931
0.0155349
0.00362556
0.00205098
0.0116206
0.00344095
0.00348523
0.00742846
0.00996615
0.00565263
0.00367662
0.00473682
0.0043612
0.00220263
0.000923738
0.00174029
0.000825264
0.00233612
0.000647219
0.00183373
0.00184238
0.00101464
0.00276552
0.00117895
0.00323467
0.262846
0.126069
0.166044
0.154095
0.0760302
0.208154
0.248772
0.11613
0.205847
0.0323696
0.00217358
0.00307818
0.0012865
0.00153759
0.144653
-0.00119614
0.0199174
0.000917208
0.000287755
0.000802832
0.00779866
0.00192883
0.000279911
0.000407572
0.000717166
0.000140829
0.00314381
0.479719
0.235668
0.166909
0.163356
0.0353706
0.0369037
0.0380261
0.225211
0.123242
0.0231047
0.0113531
0.00549771
0.00541042
0.0055842
0.0017689
0.00202869
0.00127574
0.00133082
0.00196895
0.000857358
0.00339826
0.00371525
0.00241235
0.00414284
0.00266605
0.00149008
0.00193011
0.00528501
0.00101794
0.00199567
0.000658327
0.000954226
0.0012579
0.00334603
0.00151121
0.00272537
0.00286133
0.00134191
0.0036519
0.00160029
0.02277
0.00833433
0.0027978
0.00605423
0.00578147
0.00371907
0.00620611
0.00293939
0.00837182
0.0072002
0.00290132
0.00958252
0.00316754
0.00327125
0.0522642
0.00350725
0.00526793
0.00434977
0.00481174
0.00100807
0.00141297
0.00245031
0.000929263
0.0032132
0.0023482
0.00175415
0.00417845
0.00387951
0.000497866
0.00203986
0.000773777
4.26478e-005
0.00127433
0.00291961
0.00106593
0.00110542
0.00115956
0.00341628
0.000657997
0.00123328
0.00162526
0.00240223
0.00138354
0.00169228
0.00399108
0.000363137
0.00110911
0.00233204
0.000680037
0.00164448
0.00096064
0.000401883
0.000539904
0.0007189
0.00550343
0.00687576
0.00170657
7.32163e-005
0.000415197
0.000261491
0.000650679
0.000948942
0.000837694
0.000520007
0.00315253
0.00204594
0.00236204
0.00236653
0.147135
0.181154
0.183159
0.313664
0.00733576
0.0581611
0.034426
0.274106
0.19483
0.0711049
0.0195908
0.00475734
0.00405607
0.00625518
0.00235855
0.00210046
0.00907531
0.00653774
0.00785909
0.00220432
0.00527038
0.00470127
0.00168386
0.00258418
0.00166475
0.00241516
0.00329404
0.00582736
0.00678007
0.00495519
0.00516665
0.00511356
0.00543811
0.00562763
0.00871413
0.00490816
0.0105449
0.00433119
0.00297896
0.00600992
0.00167714
0.0135298
0.000779058
0.0017659
0.00376867
0.000896413
0.000224613
0.00541566
0.00238457
0.00282577
0.00554308
0.00697681
0.0037383
0.00282145
0.0589493
0.0254219
0.010132
0.00150063
0.0100552
0.000330422
0.00151587
0.00242487
0.00405193
0.00120653
0.00154553
0.00253134
0.00107606
0.000572676
0.00325386
0.000916879
0.00096956
0.000879549
0.00026996
0.000425454
0.000987602
0.00102373
3.55005e-005
0.000196212
0.000658478
0.000182441
0.000314774
0.00277438
0.000612376
0.000223021
0.000186403
0.000469614
0.000141428
0.000280686
0.000924997
0.000862563
0.000536843
0.00186706
0.000534562
0.000649659
0.000549891
0.012356
0.00418087
0.000546973
0.000731699
0.000714106
0.00023746
0.000224503
0.000167285
0.000190237
0.000832368
0.00164967
0.000562681
0.000164549
0.0131899
0.303115
0.0852922
0.315102
0.0363121
0.0532447
0.0317457
0.188416
0.284274
0.181186
-0.00242441
0.00166059
0.000728035
0.00525577
0.00215458
0.00351913
0.0019336
0.00603928
0.00165947
0.00373052
0.00251878
0.00303274
0.00548856
0.000714225
0.00295239
0.00182589
0.00184888
0.0021574
0.00263354
0.00104765
0.00157126
0.000462787
0.00129075
0.00169369
0.000619482
0.00198764
0.000963279
0.00138348
0.00140741
0.000897627
0.00258937
0.0173868
0.00250941
0.00713283
0.00414009
0.00624018
0.00557657
0.00264141
0.00243323
0.0120284
0.00119547
0.00583296
0.00787725
0.00409287
0.0549141
0.0271196
0.00522863
0.0132122
0.0182909
0.00139142
0.00215593
0.000856057
0.00335072
0.00444837
0.00398895
0.00180455
0.00111694
0.00219599
0.00183086
0.0012204
0.00326384
0.00208984
0.00165989
0.0011619
0.00405675
0.000637811
0.0019544
0.00258183
0.00188162
0.000554315
0.00150021
0.00257484
0.000719716
0.000898546
0.0020049
0.00229835
0.00111869
0.00123348
0.00289762
0.000366231
0.00132528
0.001317
0.000314623
0.00136089
0.000247914
0.0186081
0.00746916
6.74729e-005
0.000506073
0.000272739
0.000490157
0.000620111
0.000564668
0.000267227
0.000186981
0.000212503
0.000388904
0.000420439
0.0109527
0.131827
0.107809
0.413113
0.0866407
0.0200279
0.038497
0.163061
0.0142449
0.028231
0.0439697
0.0112472
0.00407843
0.00204208
0.00114013
0.00383325
0.00208831
0.00360661
0.00319904
0.00286167
0.00325798
0.00386317
0.00293975
0.0046721
0.00200789
0.0079505
0.00304872
0.00815276
0.00944377
0.00432085
0.00844814
0.00510184
0.0101389
0.00507273
0.00435129
0.00581953
0.00349454
0.00389597
0.00175348
0.00606683
0.00246779
0.00459809
0.0038217
0.00549044
0.00897145
0.00373355
0.00449829
0.0023957
0.00515502
0.00272525
0.00235382
0.0059706
0.00283016
0.00926531
0.00193011
0.0357055
0.0230596
0.0109523
0.00332775
0.00549031
0.00120549
0.00187282
0.00745061
0.0049557
0.00196032
0.00298356
0.00148587
0.00423036
0.000305617
1.37577e-005
9.70269e-005
0.000121917
0.000183623
5.5332e-005
0.000212189
0.000263274
0.000232597
0.000198447
0.00029952
0.000118949
0.000189738
0.000653311
0.000611842
0.000243085
0.000205369
0.000169029
7.90249e-005
0.000142965
6.57357e-005
8.23041e-005
0.000137547
7.45227e-005
3.88756e-005
4.50045e-005
0.000165493
0.00292678
0.00123786
0.000337297
0.000460729
0.000302815
0.000271495
0.000108621
3.4489e-005
5.91795e-005
7.54624e-005
6.21321e-005
0.000113639
0.000107958
0.000667229
0.284862
0.342995
0.223351
0.205168
0.00925467
0.112468
0.1556
0.0944416
0.0820303
0.0422986
0.00584824
0.00201622
0.000729135
0.00140666
0.00049623
0.00225052
0.000996485
0.00139849
0.00102292
0.00175684
0.00112976
0.00188799
0.00144101
0.00258384
0.00240413
0.00211926
0.00221352
0.00724826
0.00391472
0.00571659
0.00443832
0.00441739
0.00738313
0.00509111
0.00533508
0.00343423
0.00294309
0.00316927
0.00236364
0.00255131
0.00506113
0.00507678
0.00234983
0.00131241
0.00145914
0.00157665
0.00184706
0.00441513
0.00540498
0.00719848
0.00495996
0.00316248
0.00331891
0.00197705
0.0706872
0.0304531
0.00364524
0.001306
0.00410371
0.00137492
0.000976638
0.00143531
0.00147678
0.00154456
0.00114945
0.00127454
0.00122098
0.000703997
0.000548114
0.000485003
0.000118518
0.000424133
0.000919111
0.000128011
0.000872912
0.000623847
0.00132528
0.000868394
0.000989632
0.00135506
0.000626843
0.000420206
0.000422755
0.000439776
0.000804838
0.000252655
0.000194012
0.000355191
0.000150897
0.000186217
0.000152085
0.000380891
9.91087e-005
0.000229111
0.00375559
0.00665447
0.00117841
0.000145853
3.47581e-005
2.13911e-005
9.72558e-005
4.73097e-005
7.25971e-005
5.33628e-005
0.000150227
0.000182778
5.37238e-005
7.54136e-005
0.035699
0.279143
0.144274
0.281037
0.0076182
0.0731721
0.0263816
0.121262
0.0899426
0.042462
0.00233268
0.00124564
0.00038345
0.000157446
0.00532349
0.000222705
0.00037682
0.000454818
0.00046529
0.00033908
0.000303578
0.000222451
4.00263e-005
0.000171337
0.000438462
0.000622123
0.00128262
0.00688915
0.00531328
0.00385447
0.00421599
0.00293103
0.00338439
0.00322654
0.00218293
0.00171611
0.00147895
0.00180968
0.000869078
0.00132705
0.000566349
0.00954207
0.00227903
0.00166164
0.000918262
0.00180178
0.00111905
0.00415323
0.00865502
0.00507595
0.00383056
0.00489919
0.00414215
0.00272453
0.0159891
0.0178137
0.00112074
0.00224898
0.00538634
0.00159864
0.000944891
0.000498608
0.000907744
0.000948456
0.000649268
0.00161777
0.000947951
0.000530236
0.00115341
0.000144094
0.000237752
2.40075e-005
0.000158845
0.000203618
0.000128974
0.000304608
4.37563e-005
0.000183818
0.000262677
0.000287238
0.000312478
0.00201243
0.000814025
2.97321e-005
2.32989e-005
0.000296165
0.000259163
0.000116917
0.000515164
0.000370924
0.000694015
0.00103124
0.000672468
0.000803744
0.000218904
0.0096681
0.00132567
0.000179387
0.000107993
8.72815e-005
3.44585e-005
3.61772e-005
0.000164626
6.72254e-005
5.35341e-005
4.1623e-005
0.000109879
7.93867e-005
0.00606782
0.291327
0.0545112
0.301154
0.0780143
0.0590059
0.0958724
0.148672
0.128225
0.11506
0.0292318
0.000103013
0.00303315
0.000476849
0.00141982
0.000346004
0.000379834
0.000193754
0.000158855
0.000287761
0.000140857
0.000304678
0.000683807
0.000288899
0.00129699
0.000978883
0.00194608
0.00166784
0.00698449
0.00376616
0.00348019
0.00426871
0.00305747
0.00350628
0.00386455
0.00356081
0.0020756
0.0026965
0.00160138
0.00167097
0.00231876
0.0102998
0.00213897
0.00230654
0.00104887
0.00115317
0.00106716
0.00411227
0.00608742
0.00438245
0.00531742
0.00274229
0.00161238
0.00224256
0.0114373
0.0190991
0.00293949
0.00102063
0.002639
0.00405186
0.000207673
0.000605227
0.000702434
0.00116591
0.00245835
0.00206063
0.00137688
0.000633716
0.00114866
0.000228795
0.000476299
0.000272425
0.000291109
0.000439159
0.00137935
0.000254429
0.00124901
0.000561861
0.00193521
0.00126079
0.00102451
0.000611493
0.00142705
0.000154329
9.27753e-005
0.000415895
0.000186436
0.000239283
0.000394872
0.000337721
0.00013726
0.000253545
0.000168529
0.000149018
0.0002043
0.0181058
0.00395719
0.000807878
0.000105598
9.9983e-005
9.714e-005
0.000186395
8.77233e-005
0.000243726
0.00010398
7.06792e-005
8.73577e-005
0.000127814
0.00185801
0.380398
0.130967
0.31284
0.1771
-0.006952
0.0531291
0.0450397
0.0401628
0.0407981
0.0690155
0.0028541
0.00235403
0.00605443
0.00370507
0.00111587
0.00109858
0.000476966
0.000827285
0.000500638
0.000722004
0.000394374
0.000534284
0.000520641
0.000548301
0.000428702
0.000510911
0.0012779
0.00817082
0.00314954
0.00459636
0.00154206
0.00330647
0.0020544
0.0025159
0.00150836
0.00115034
0.00108729
0.000342562
0.000645061
0.00076212
0.0120937
0.00515022
0.00241298
0.00224773
0.00205796
0.00464756
0.00374969
0.00473526
0.0048857
0.00452092
0.00266989
0.00138395
0.00396368
0.00590115
0.0269377
0.0136587
0.0140958
0.00143642
0.00441354
0.000763848
0.00101839
0.00272182
0.00273831
0.00212726
0.00159274
0.00223437
0.00162341
9.29732e-005
0.00135093
0.000792073
0.000342947
0.00651112
0.0110471
0.00122033
0.000609483
0.000154555
0.000221475
6.02249e-005
0.000108015
7.52959e-005
0.000189435
0.190278
0.211025
0.0491869
0.12723
0.0618832
0.0885297
0.0830323
0.0928222
0.0786729
0.046774
-0.00235968
0.000749506
0.000262442
0.000578879
0.147354
0.0095371
0.0124458
0.00104769
0.0016196
0.00121373
0.000544637
0.000311297
0.00105395
0.0014585
0.000315253
0.000155391
0.00034223
0.135943
0.228251
0.205822
0.228241
0.0121267
0.0818166
0.0804418
0.103984
0.0752564
0.0521366
0.00277022
0.0030212
0.000293263
0.00225651
0.00359136
0.00122754
0.00181062
0.00123757
0.000857551
0.000905751
0.00109638
0.000540586
0.000641945
0.00106946
0.00101182
0.000589207
0.0017634
0.0058343
0.00395262
0.00342081
0.00384438
0.00213301
0.00307224
0.00264158
0.0026618
0.00281775
0.00157404
0.00110743
0.000522578
0.000939484
0.00257893
0.00558557
0.00125881
0.000649786
0.000941817
0.000907486
0.00129607
0.00305634
0.00322433
0.00595976
0.00407318
0.00546007
0.00344901
0.00235568
0.0801297
0.0287258
0.00255069
0.0012713
0.00204495
0.00148166
0.00115572
0.00123409
0.000852044
0.00134403
0.00135129
0.00100085
0.000743882
0.00100374
0.000499783
0.000391972
0.000644491
0.000505723
0.000329246
0.000524379
0.00170269
0.000579911
0.000870405
0.00257103
0.00101018
0.00121811
0.000836725
0.00108069
0.000193941
0.000229489
0.000202877
0.000235461
6.69651e-005
0.000316259
0.000525541
0.000235748
7.15807e-005
0.000265627
3.06312e-005
0.00011992
0.00118966
0.00636384
0.00307736
0.000345285
0.000160479
0.000307834
0.00035038
7.82319e-005
8.58224e-005
3.56677e-005
0.000184536
9.62696e-005
0.000297726
0.000457897
0.0100781
0.276342
0.201717
0.415222
0.0206374
0.0591456
0.0386474
0.117493
0.117535
0.0784321
0.00133271
0.000150009
0.00112839
0.000417437
0.00332398
0.000564601
0.000239855
0.000556099
0.00023334
0.000626569
0.000143917
0.000391367
0.000401628
0.000162904
0.000545751
0.000523439
0.00123414
0.0101815
0.00305761
0.00271387
0.00385763
0.00254853
0.00330631
0.00334859
0.00250105
0.00272546
0.0018668
0.0016552
0.00128836
0.00122948
0.000451329
0.0150414
0.00235989
0.000774839
0.0020504
0.00353523
0.0013845
0.0038263
0.00682034
0.002755
0.00279856
0.00614788
0.00333214
0.00308018
0.0142563
0.033088
0.00352761
0.000512797
0.00512864
0.00257269
0.00110224
0.00110004
0.000928656
0.001188
0.000836207
0.00166572
0.000878175
0.000976074
0.00134775
0.000256393
0.000569979
0.000200887
0.000450257
0.000316852
0.000164945
0.000791866
0.000291449
0.000150123
0.000306805
0.000692589
0.000176147
0.00408329
0.000907966
7.40349e-006
8.27733e-005
0.000213141
0.000236856
0.000160075
0.000486128
0.00201303
0.00140562
0.000762001
0.00110262
0.000522586
0.000363759
0.0119412
0.00269617
0.00020142
0.000134567
6.16165e-006
0.000131124
0.000128085
0.000103975
7.05942e-005
8.62018e-005
4.8004e-005
7.44798e-005
6.18857e-005
0.00301254
0.61051
0.104871
0.455868
0.140445
0.023844
0.11708
0.0930304
0.139433
0.107342
0.0241241
0.000175391
0.00247319
0.000184943
0.000644844
0.00013083
0.000677138
0.00019641
0.000356241
0.0011413
0.000710412
0.0012391
0.000542411
0.000724191
0.00129095
0.000865217
0.0019141
0.000973748
0.00458263
0.00459495
0.00383583
0.00294562
0.00405879
0.00259734
0.00182219
0.00181853
0.00109299
0.00133929
0.000960607
0.000562594
0.00181316
0.00932136
0.00336126
0.00135495
0.00162264
0.00115962
0.000911993
0.00131713
0.00217791
0.00315873
0.00792639
0.00533691
0.00210283
0.00263293
0.010757
0.027079
0.00694252
0.00262962
0.00500285
0.00328862
0.00053965
0.000393851
0.000818773
0.0012216
0.00181659
0.00177084
0.000926193
0.000635924
0.00197779
0.000172368
0.000705671
0.000528848
3.96741e-005
0.000441598
0.000685773
0.000163901
0.00144185
0.000822455
0.000914734
0.000854002
0.00149938
0.00113113
0.000107217
3.66573e-005
0.000150142
0.000256498
0.000236728
0.000114456
0.000783216
0.000334063
9.95288e-005
0.000108289
2.90367e-005
9.23042e-005
6.91165e-005
0.0147835
0.00414824
0.000400261
0.000181948
0.00018923
4.25416e-005
0.000172814
5.35631e-005
9.10828e-006
9.76126e-006
6.3359e-005
6.53713e-005
6.81e-005
0.00125867
0.195122
0.0913223
0.21874
0.209934
-7.69138e-006
0.0718959
0.0708994
0.0143972
0.0145676
0.0416065
0.00750498
-0.000363021
0.00089866
0.00213965
0.00113501
0.000919838
0.000805046
0.000308031
0.000722024
0.00017943
0.000256897
0.000376685
0.000405374
0.000456781
0.000931992
0.000554926
0.000760643
0.00319121
0.00293671
0.00225733
0.00183566
0.00228465
0.00223005
0.00150733
0.00135451
0.000731443
0.00112569
0.000492617
0.000663377
0.00100677
0.0126515
0.0104269
0.00201299
0.00348999
0.00269124
0.00337745
0.00409959
0.00338664
0.00344336
0.00322534
0.00360089
0.00238459
0.00275802
0.00191557
0.0332807
0.00567948
0.0114648
0.00257597
0.00589046
0.00194721
0.00188604
0.00246663
0.00282439
0.00212723
0.00164418
0.00129203
0.000428995
0.000307103
0.0002522
4.86768e-005
7.21187e-005
0.00014445
0.000218251
0.000149927
0.000149403
0.000315671
7.16048e-005
2.80018e-005
6.23317e-005
0.000115556
9.13678e-005
0.000207683
0.000110825
0.00011124
0.000132171
4.07183e-005
0.00014476
0.000465381
0.000122099
0.00015956
8.05795e-005
0.000280985
0.000107684
0.000508623
0.000779683
0.000986878
0.000375545
0.000108609
0.000146786
0.00027352
7.33145e-005
0.000153461
0.000102811
0.000140287
0.000137546
7.15124e-005
8.27608e-005
0.000127123
0.175496
0.369653
0.202134
0.385382
0.0174446
0.053775
0.0342185
0.267803
0.210962
0.060521
0.00680953
0.00301641
0.0042642
0.0100141
0.00149606
0.00149749
0.00288778
0.00251063
0.000781743
0.000836649
0.00280168
0.000828513
0.00317629
0.00276848
0.00147251
0.002579
0.00188438
0.0013037
0.00176983
0.00239248
0.000447802
0.000475483
0.0010961
0.00112193
0.000935666
0.00192497
0.00130338
0.00161125
0.00343082
0.00111813
0.00400982
0.0128431
0.00232958
0.00146615
0.00222444
0.00185534
0.00186954
0.00252666
0.00312848
0.00463078
0.00594468
0.00333246
0.00137047
0.00432161
0.0752601
0.0126909
0.0122018
0.00308763
0.00418076
0.00054529
0.00222215
0.00482451
0.000800228
0.00194161
0.00452072
0.0014301
0.00106307
0.00175625
0.00240172
0.000373424
0.00147276
0.00106396
0.000719525
0.00188711
0.00126752
0.000593828
0.000340265
0.00187401
0.00245153
0.000499079
0.00240715
0.00107248
0.0010333
0.00195537
0.00244658
0.00129847
0.00158243
0.00112729
0.00128535
0.00160285
0.000459709
0.000878453
0.000747367
0.000436403
0.000648174
0.00701402
0.0042361
0.000725686
0.0013977
0.00125178
0.00110284
0.00147831
0.000267696
0.00136048
0.00157238
0.000827514
0.00304697
0.00162973
0.0384808
0.128292
0.068178
0.015878
0.00135052
0.00217507
0.00189274
0.00273079
0.00235503
0.00211255
0.00247194
0.00299461
0.00544291
0.00151812
0.00404443
0.00240409
0.00138093
0.00363732
0.00428172
0.00253401
0.00287892
0.00361827
0.00338256
0.00316555
0.00154806
0.00507394
0.00332305
0.0058222
0.00543092
0.00616766
0.0101521
0.00586288
0.0047608
0.0054407
0.0041418
0.00550065
0.0057882
0.00240776
0.00277811
0.0034388
0.00277338
0.0180152
0.00136365
0.00217051
0.00111158
0.00166151
0.00344945
0.00285589
0.00142254
0.00737347
0.00669592
0.000443105
0.00288465
0.00473628
0.0141444
0.0168224
0.00926141
0.00551776
0.00744462
0.000915131
0.00118547
0.000858113
0.00476323
0.00100097
0.00279723
0.00260303
0.00120006
0.00188147
0.00144897
0.00127129
0.000965308
0.000901559
0.00169248
0.000466043
0.000477704
0.000982022
0.000704295
0.00120162
0.000937511
0.000500705
0.000526065
0.00332639
0.00131753
0.0014407
0.00187598
0.00154114
0.00116865
0.00175622
0.00115509
0.000858306
0.00394404
0.00192864
0.00099504
0.000856453
0.000657261
0.017642
0.00666311
0.000859277
0.00054141
0.00162152
0.000508144
0.00067511
0.000215044
0.000349587
0.000226779
0.0003598
0.000556707
0.000353569
0.00200351
0.392485
0.0667513
0.26423
0.0796437
0.0261174
0.04466
0.0490214
0.168381
0.108763
0.00755846
0.00333674
0.00166832
0.00489477
0.00174578
0.00174569
0.000425211
0.00187085
0.0016425
0.00197272
0.00186202
0.00315504
0.00271381
0.000897057
0.00294585
0.00268531
0.00146851
0.00367457
0.00139316
0.00202524
0.00272423
0.0018653
0.00141049
0.00119506
0.000485837
0.000549154
0.000153199
0.000397031
0.000353159
0.00046546
0.000518613
0.0192817
0.0034013
0.000871349
0.000340168
0.00145828
0.00339663
0.00125948
0.00123972
0.00230455
0.00100651
0.00407533
0.000569589
0.00121324
0.00933342
0.0258334
0.0098808
0.00109965
0.00562929
0.000823662
0.000264938
0.00246993
0.0010797
0.000804357
0.00169269
0.00219076
0.000747373
0.00126461
0.00311901
0.000821247
0.000542278
0.00162752
0.000355298
0.000731078
0.00335981
0.00146514
0.000356677
0.00232071
0.00258448
0.000507606
0.00123404
0.00161232
0.00137296
0.00108911
0.00155271
0.00416712
0.000944954
0.000541494
0.00096073
0.00118366
0.000831682
0.000765099
0.000517157
0.00105934
0.000133347
0.0136799
0.00647701
0.00162607
0.00175119
0.000449918
0.00110023
0.000888373
0.00127198
0.000592383
0.000224814
0.000125104
0.000114132
0.000183564
0.000550878
0.0698086
0.00454678
0.0164935
0.00705548
0.0371383
0.0161231
0.00680157
0.0131052
0.00617461
0.0151407
0.00552667
0.0076928
0.00353044
0.00637683
0.00475701
0.00036308
0.0035079
0.00135092
0.00246276
0.00306748
0.0014159
0.00195506
0.00244457
0.00151905
0.00576095
0.000789667
0.0122797
0.00260525
0.00616956
0.00485068
0.00657665
0.00406742
0.00405563
0.0058764
0.00331791
0.00678626
0.00449022
0.00334874
0.00575759
0.00195607
0.00606703
0.00563704
0.0118528
0.00284099
0.0023276
0.00186528
0.00100299
0.00288857
0.00124972
0.00404361
0.00213871
0.00313292
0.00231988
0.00371663
0.0219528
0.0126933
0.0176171
0.0108575
0.00652143
0.00295606
0.0017171
0.00249707
0.00828538
0.00513722
0.000103367
0.00343783
0.000863107
0.011235
0.00217951
0.00310007
0.00335924
0.00265529
0.00362317
0.0078694
0.00264139
0.00783568
0.00357023
0.0155182
0.00894752
0.00279248
0.00831851
0.0101199
0.18833
0.164838
0.352811
0.068468
0.0520883
0.0606059
0.189681
0.0587256
0.0142154
0.0112677
0.00498624
0.00393816
0.00127965
0.0746039
0.0218104
0.0063119
0.0115636
0.0079734
0.00820225
0.00146465
0.00592309
0.000708119
0.000485027
0.000114534
0.000200452
0.000843542
0.0793076
0.31567
0.158331
0.262267
0.0231716
0.0363318
0.0185759
0.295546
0.183493
0.0575963
0.0032786
0.00347913
0.00600611
0.014155
0.00338917
0.00106916
0.00048708
0.00236379
0.00070888
0.00396634
0.00245062
0.000827383
0.00260976
0.000605887
0.00114433
0.000780131
0.000716424
0.00156109
0.00146056
0.000240852
0.000537712
0.000355068
0.000176466
0.000570816
0.00173368
0.000842436
0.00162249
0.000365924
0.000908004
0.00181213
0.0012697
0.00199851
0.00204386
0.00305934
0.000941822
0.00102536
0.00250942
0.000917184
0.00214882
0.00237849
0.00101035
0.00108333
0.00155017
0.00268883
0.00283657
0.00186569
0.000930694
0.00213179
0.00137968
0.000568935
0.00190496
0.000944346
0.000843099
0.00113327
0.000777586
0.000510063
0.000408233
0.000511233
0.00147987
0.000454332
0.00192429
0.000936365
0.000279176
0.00132415
0.000534465
0.000556955
0.000806172
0.000685223
0.00148021
0.000784525
0.000921084
0.000889946
0.00074243
0.00117026
0.00254379
0.000778986
0.00256371
0.00147528
0.00100464
0.001402
0.000960271
0.000597863
0.000491231
0.000549825
0.00051494
0.00101794
0.000946162
0.000114807
0.000376222
0.000846823
0.00097084
0.00121944
0.000258763
0.00101533
0.00103317
0.000569142
0.00120532
0.000758685
0.0183734
0.147607
0.0640708
0.0168626
3.96835e-005
0.00128381
0.00122349
0.00103127
0.00322206
0.00133666
0.00196665
0.00147195
0.00326069
0.00206201
0.00366542
0.00628244
0.00197639
0.00683572
0.00971235
0.00409289
0.00449977
0.00200006
0.00467231
0.00508835
0.0012169
0.00393629
0.00347248
0.00312148
0.00635015
0.00150872
0.00589816
0.00459595
0.00200588
0.00461702
0.000879552
0.00216198
0.0027004
0.00172744
0.00237835
0.00145858
0.00289644
0.00280529
0.00275692
0.00364524
0.00312958
0.0049049
0.00403358
0.00211974
0.00443772
0.00344346
0.00370903
0.00385796
0.0005961
0.00447416
0.00246777
0.00234557
0.00320288
0.00195812
0.000381699
0.00178851
0.00137927
0.00148061
0.00643371
0.00168226
0.00429355
0.00425808
0.00431909
0.00556568
0.00708841
0.00607515
0.00316532
0.0076445
0.00749552
0.00478009
0.00723314
0.00536652
0.00249216
0.00951372
0.00492588
0.00611441
0.00907549
0.00282698
0.00906329
0.00507241
0.00480022
0.00816207
0.00297346
0.00723736
0.00390978
0.0038647
0.00864664
0.00373755
0.00484145
0.00611238
0.00254672
0.00812695
0.00649209
0.00378696
0.00814014
0.00238886
0.00683558
0.00552635
0.00249804
0.00422132
0.00165583
0.00217043
0.00555697
0.00204826
0.012422
0.215835
0.050007
0.0384124
0.00569082
0.00317481
0.00294566
0.00281744
0.00369727
0.00205363
0.00563689
0.00284358
0.00608292
0.00345217
0.00444034
0.00261364
0.000650335
0.000517346
0.000292201
0.000824006
0.000319309
0.00155463
0.000589168
0.00079494
0.000575127
0.000296181
0.000538941
0.000147459
0.0007021
0.000280622
0.000441029
0.000764583
0.000426255
0.00131795
0.000466316
0.00154002
0.00171841
0.000851305
0.00211751
0.00183983
0.00410122
0.00774507
0.00368482
0.00358781
0.00328675
0.0058177
0.0038204
0.00242998
0.00674319
0.00308782
0.00193625
0.00602632
0.00174786
0.00139916
0.00482369
0.00214321
0.000662603
0.00281287
0.00147994
0.000887727
0.00146258
0.00026526
0.0023112
0.000532665
0.000388993
0.00232793
0.000199862
0.000410953
0.000602793
0.000810551
0.000555963
0.000545187
0.000736232
0.000650848
0.00201567
0.000642605
0.000473296
0.00272397
0.00121852
0.000842052
0.0013005
0.000913437
0.000849331
0.00132497
0.00117379
0.0016564
0.000683944
0.000793898
0.00151457
0.00056435
0.00118897
0.000454919
0.00023085
0.00163544
0.000655063
0.000480484
0.00128503
0.000748055
0.000736021
0.00085746
0.000416373
0.000641629
0.000509645
0.0011416
0.000177481
0.00011969
8.45656e-005
5.70349e-005
0.000553951
0.0720832
0.0363125
0.0155748
0.0141048
0.0325681
0.0108598
0.0045356
0.0113806
0.00513706
0.011928
0.00527606
0.00767744
0.00523744
0.00297128
0.00655371
0.00127502
0.00761755
0.00133464
0.00547065
0.00395026
0.00200577
0.00291129
0.00325462
0.00170428
0.00319227
0.00168843
0.00259962
0.00138054
0.003349
0.00255856
0.00268518
0.00354326
0.00280227
0.00513762
0.0046775
0.00663303
0.00782269
0.00554207
0.00655918
0.00374765
0.00396746
0.00328486
0.00610068
0.00328304
0.00365797
0.00461803
0.00372988
0.00594069
0.0054292
0.00526318
0.00671988
0.0045193
0.00317186
0.00595816
0.00279362
0.00701397
0.00882416
0.0066323
0.00481961
0.000845236
0.000965809
0.000606442
0.000397387
0.00265381
0.00041447
0.000413843
0.00224079
0.0032593
0.00284478
0.00146251
0.000224016
0.00317696
0.00391747
0.00162844
0.00145046
0.00325712
0.00522383
0.00100243
0.00254096
0.00647695
0.00100089
0.00538513
0.00423786
0.00150664
0.000860724
0.0036521
0.000710041
0.00674356
0.0243535
0.00563129
0.00936948
0.00260533
0.0255081
0.0102194
0.0174186
0.0352398
0.0198848
0.0358851
0.00187093
0.00454287
0.00052366
0.00793399
0.0206737
0.000897141
0.0011452
0.00110314
0.000212588
0.000185774
0.0784144
0.283494
0.0955753
0.381085
0.0141283
0.0213352
0.00809513
0.142098
0.0790995
0.0574709
0.0120963
0.00453996
0.00262218
0.00313249
0.00165139
0.000332215
0.000987817
0.00199377
0.000968989
0.000357033
0.00145672
0.00195813
0.00264394
0.000965293
0.000687771
0.000475034
0.00107854
0.00141563
0.000359245
0.000177825
0.000268855
0.000479969
0.000617287
0.00048512
0.000397222
0.000180833
0.000199269
5.94317e-005
5.53079e-005
0.000217516
9.79061e-005
7.77844e-005
3.06864e-005
9.75061e-005
5.09077e-005
5.01574e-005
0.000268377
5.91914e-005
0.000140135
7.53955e-005
0.000379222
0.000276051
0.000225382
0.000488551
0.000255847
0.000980422
0.0011762
0.000261144
0.000458188
0.000357382
0.00019475
0.00047536
0.00017191
0.000271816
0.000202406
9.81409e-005
0.000179855
7.62276e-005
3.17728e-005
0.0001472
0.000187867
0.000203416
0.000217462
0.000222608
0.000412009
0.000291993
0.000433888
0.000327417
0.000210509
0.00093462
0.000614247
0.000836423
0.000763906
0.000365017
0.000600768
0.000483493
0.000235256
0.000560187
0.000492443
0.000330734
0.000659444
0.000291933
0.00035608
0.000241148
0.00018615
0.00042451
9.59595e-005
8.73466e-005
0.000311434
4.57051e-005
0.000167905
0.000175633
0.000109266
0.000255845
7.92958e-005
0.000208103
0.00055185
0.00024573
0.000656699
0.000704578
0.000344261
0.000254993
0.000598475
0.000195713
0.00113736
0.000287565
0.000500728
0.000801209
0.000204715
0.000661735
0.000321536
0.000734186
0.00135311
0.000289213
0.000730966
0.00048401
0.000709068
0.000703501
0.000178722
0.000669477
0.000693607
0.0004773
0.0009209
0.000274905
0.000397158
0.000468239
0.000184317
0.000383347
0.000275441
0.000205755
0.000309313
0.00013105
0.000157253
0.000434539
0.000144111
0.000281652
0.000396184
0.000238139
0.000643638
0.00172161
0.00021498
0.000332906
0.000166325
0.000248683
0.000161455
0.000268657
0.000448973
0.000239052
0.00056443
0.000615801
0.000488893
0.00063045
0.000398457
0.000411998
0.000648834
0.000324692
0.000848448
0.000538485
0.000600852
0.000281088
0.000415266
0.000688917
0.000254362
0.000427231
0.000379397
0.000245679
0.000526552
0.00029501
0.000482811
0.000379124
0.000319968
0.000623116
0.000391346
0.000305892
0.000553877
0.000358795
0.000439368
0.000451212
0.000255731
0.00145062
0.000870182
0.00021016
0.000279569
0.000226798
0.000323793
0.000251584
0.00023582
0.000281558
0.000146542
0.000275089
0.000243517
0.000113276
0.000209551
0.000254897
0.000114888
0.000222428
0.000170286
0.00024057
0.000141702
0.000164075
0.000175705
2.29694e-005
5.56813e-005
0.000106725
0.000130342
0.000147709
0.0006511
0.000247626
0.000693559
0.000762197
0.000498908
0.00071628
0.000398518
0.000673756
0.000922234
0.00137649
0.00145914
0.000850024
0.00105695
0.00112093
0.00144021
0.00148331
0.000899126
0.00123621
0.000685026
0.00102152
0.0011537
0.000746833
0.00108145
0.000747772
0.00088932
0.000783291
0.000690525
0.00136846
0.000729165
0.000394072
0.00036759
0.000351995
0.000625997
0.000366379
0.000588941
0.000583065
0.000228712
0.000798198
0.000557846
0.000516865
0.000747363
0.000401739
0.000524364
0.000513148
0.000454215
0.000649331
0.000751554
0.000734968
0.000647492
0.000554281
0.000501608
0.000695761
0.000763466
0.000597635
0.000507504
0.000912248
0.0015965
0.000613879
0.00061862
0.000366064
0.000514219
0.000576273
0.00021637
0.000244607
0.000332057
0.000232489
0.000290235
0.000394462
0.0010323
0.000507604
6.13387e-005
0.00013652
0.000109545
0.000214765
0.000277234
0.000178356
0.000175072
0.000147048
0.000125493
0.000323354
8.86978e-005
0.000132283
0.00113104
0.000158739
0.000123857
2.3199e-005
0.000149194
0.000280161
0.000176641
0.000156042
0.000160647
8.71212e-005
0.000468795
0.000304484
0.000235219
0.000424462
6.40758e-005
0.000211419
0.00018373
0.00012706
0.000113684
0.000121612
0.000103871
0.000162114
0.000102628
0.000155589
0.000289017
0.000139597
0.000426646
4.68415e-005
0.000282238
0.000417923
0.000161346
7.42697e-005
9.83757e-005
0.000144612
8.92106e-005
0.000135606
0.000245882
0.000119899
0.000125313
0.000136146
0.00025474
0.000431703
0.000180765
0.000452875
8.56826e-005
0.000189979
0.000495431
0.00041454
0.00036495
0.000368209
0.000773077
0.000366026
8.01599e-005
0.000352895
0.00131592
0.00051629
0.000459236
0.000428683
0.000136781
0.000480069
0.000369216
0.000418642
0.000661524
0.000168473
0.000700924
0.000148787
0.000125943
0.000726817
0.000372083
0.000801224
0.000561548
0.00044233
0.000238127
0.000213125
0.000160607
0.000209219
9.89037e-005
6.50861e-005
0.000102238
6.70978e-005
9.93848e-005
0.00031778
0.00105127
0.00117873
0.00151528
0.00046652
0.000728353
0.0016263
0.000908809
0.00148306
0.00174857
0.00080477
0.000476429
0.000255748
0.000336617
0.000521743
0.000153811
0.000465483
0.000463502
0.000243071
0.000469127
0.000219189
0.000236042
0.000279762
0.000182049
6.63747e-005
6.49996e-005
7.60527e-005
5.43728e-005
8.84337e-005
3.99733e-005
1.78466e-005
4.09078e-005
1.12944e-005
1.62046e-005
1.04535e-005
1.25701e-005
1.60219e-005
1.57808e-005
7.41172e-006
7.69457e-006
1.36256e-005
1.37415e-005
1.64437e-005
8.48907e-006
2.80829e-005
5.15451e-006
1.21513e-005
1.95447e-005
1.85226e-005
1.14235e-005
1.11518e-005
1.08675e-005
5.88481e-006
8.04218e-006
6.26648e-006
3.06883e-006
5.90493e-006
2.61997e-006
2.25552e-006
1.47366e-006
7.32757e-007
4.14404e-007
6.31732e-007
1.50996e-007
3.02766e-007
1.97443e-007
2.33957e-007
1.17338e-007
1.49718e-007
1.74098e-007
7.90074e-008
1.09934e-007
8.69602e-008
6.14947e-008
1.00317e-007
4.87055e-008
4.83612e-008
5.20976e-008
2.78595e-008
3.23324e-008
1.00221e-008
9.04904e-009
1.0665e-008
3.71052e-009
2.00777e-009
1.76367e-009
1.5377e-009
1.09001e-009
1.39156e-009
7.94744e-010
1.23314e-009
1.23058e-009
9.69207e-010
9.13377e-010
1.20908e-009
1.16399e-009
9.78297e-010
9.27867e-010
9.35744e-010
1.2308e-009
9.87972e-010
1.13801e-009
1.08456e-009
2.04928e-009
1.2719e-009
1.44135e-009
1.1057e-009
9.38037e-010
7.52858e-010
2.32807e-009
3.41509e-010
4.05555e-010
1.02995e-009
3.83073e-010
-3.31272e-011
-1.53428e-013
4.09799e-013
-5.2035e-014
